,Unnamed: 0,Age,Job,Credit amount,Duration,Purpose_car,Purpose_domestic appliances,Purpose_education,Purpose_furniture/equipment,Purpose_gambling,Purpose_radio/TV,Purpose_repairs,Purpose_vacation/others,Sex_male,Housing_own,Housing_rent,Savings_moderate,Savings_quite rich,Savings_rich,Risk_bad,Check_moderate,Check_quite rich,Check_rich,Age_cat_Young,Age_cat_Adult,Age_cat_Senior
0,0,67,2,7.063903961472068,6,0,0,0,0,0,1,0,0,1,1,0,0,0,0,0,0,0,0,0,0,1
1,1,22,2,8.691314551644853,48,0,0,0,0,0,1,0,0,0,1,0,0,0,0,1,1,0,0,0,0,0
2,2,49,1,7.647786045440933,12,0,0,1,0,0,0,0,0,1,1,0,0,0,0,0,0,0,0,0,1,0
3,3,45,2,8.97233695775495,42,0,0,0,1,0,0,0,0,1,0,0,0,0,0,0,1,0,0,0,1,0
4,4,53,2,8.490849216076635,24,1,0,0,0,0,0,0,0,1,0,0,0,0,0,1,0,0,0,0,1,0
5,5,35,1,9.111072370317514,36,0,0,1,0,0,0,0,0,1,0,0,0,0,0,0,1,0,0,1,0,0
6,6,53,2,7.949797216161852,24,0,0,0,1,0,0,0,0,1,1,0,0,1,0,0,0,0,0,0,1,0
7,7,35,3,8.846209127360996,36,1,0,0,0,0,0,0,0,1,0,1,0,0,0,0,1,0,0,1,0,0
8,8,61,1,8.025843344150903,12,0,0,0,0,0,1,0,0,1,1,0,0,0,1,0,0,0,0,0,0,1
9,9,28,3,8.562931083090092,30,1,0,0,0,0,0,0,0,1,1,0,0,0,0,1,1,0,0,1,0,0
10,10,25,2,7.166265974133638,12,1,0,0,0,0,0,0,0,0,0,1,0,0,0,1,1,0,0,0,0,0
11,11,24,2,8.36822903827628,48,0,0,0,0,0,0,0,0,0,0,1,0,0,0,1,0,0,0,0,0,0
12,12,22,2,7.356918242356021,12,0,0,0,0,0,1,0,0,0,1,0,0,0,0,0,1,0,0,0,0,0
13,13,60,1,7.089243155027514,24,1,0,0,0,0,0,0,0,1,1,0,0,0,0,1,0,0,0,0,1,0
14,14,45,0,7.089243155027514,23,0,0,0,0,1,0,0,0,1,0,0,0,0,0,1,0,0,0,0,1,0
15,15,48,1,7.089243155027514,22,0,0,0,0,1,0,0,0,0,0,1,0,0,0,1,1,0,0,0,1,0
16,16,51,1,7.102499355774649,21,0,0,0,0,1,0,0,0,1,0,1,0,0,0,1,1,0,0,0,1,0
17,17,54,0,7.115582126184454,24,0,0,0,0,1,0,0,0,1,0,0,0,0,0,1,1,0,0,0,1,0
18,18,57,0,7.1284959456800365,36,0,0,0,0,1,0,0,0,1,0,1,0,0,0,1,1,0,0,0,1,0
19,19,60,1,7.141245122350491,12,0,0,0,0,1,0,0,0,1,1,0,0,0,0,1,0,0,0,0,1,0
20,20,39,1,7.153833801578843,12,0,0,0,0,1,0,0,0,1,0,0,1,0,0,1,1,0,0,0,1,0
21,21,34,0,7.166265974133638,32,0,0,0,0,1,0,0,0,1,0,1,0,0,0,1,0,0,0,1,0,0
22,22,39,0,7.1785454837637,11,0,0,0,0,1,0,0,0,1,0,0,1,0,0,1,1,0,0,0,1,0
23,23,32,1,7.190676034332207,12,0,0,0,0,1,0,0,0,1,0,1,0,0,0,1,1,0,0,1,0,0
24,24,33,0,7.202661196523238,24,0,0,0,0,1,0,0,0,0,0,1,1,0,0,1,1,0,0,1,0,0
25,25,35,1,7.214504414151143,23,0,0,0,0,1,0,0,0,1,0,0,1,0,0,1,1,0,0,1,0,0
26,26,42,1,6.90875477931522,34,0,0,0,0,1,0,0,0,1,1,0,1,0,0,1,1,0,0,0,1,0
27,27,45,2,9.106312301552135,45,0,0,0,0,1,0,0,0,1,1,0,0,1,0,0,1,0,0,0,1,0
28,28,48,0,6.92951677076365,50,0,0,0,0,1,0,0,0,1,0,0,0,0,0,1,1,0,0,0,1,0
29,29,51,1,6.946013991099227,11,0,0,0,0,1,0,0,0,1,0,0,0,0,0,1,0,0,0,0,1,0
30,30,54,1,6.962243464266207,17,0,0,0,0,1,0,0,0,0,0,0,1,0,0,1,0,0,0,0,1,0
31,31,57,0,6.9782137426306985,45,0,0,0,0,1,0,0,0,1,0,1,0,0,0,1,1,0,0,0,1,0
32,32,60,0,6.993932975223189,32,0,0,0,0,1,0,0,0,1,0,1,0,0,0,1,0,0,0,0,1,0
33,33,63,1,7.009408932708637,31,0,0,0,0,1,0,0,0,0,0,0,0,0,0,1,1,0,0,0,0,1
34,34,66,1,7.024649030453636,27,0,0,0,0,1,0,0,0,1,0,1,0,0,0,1,0,0,0,0,0,1
35,35,69,0,7.039660349862076,32,0,0,0,0,1,0,0,0,1,1,0,0,0,0,1,1,0,0,0,0,1
36,36,72,1,7.05444965813294,39,0,0,0,0,1,0,0,0,0,0,0,1,0,0,1,0,0,0,0,0,1
37,37,56,1,7.069023426578259,23,0,0,0,0,1,0,0,0,1,0,1,0,0,0,1,0,0,0,0,1,0
38,38,58,0,7.083387847625295,37,0,0,0,0,1,0,0,0,1,0,0,1,0,0,1,1,0,0,0,1,0
39,39,60,2,9.014568767457824,45,0,0,0,0,1,0,0,0,0,0,1,0,1,0,0,0,0,1,0,1,0
40,40,62,1,7.7501841622578365,35,0,0,0,0,1,0,0,0,0,0,1,0,0,0,1,0,0,0,0,0,1
41,41,64,1,7.759614150696903,15,0,0,0,0,1,0,0,0,1,0,0,1,0,0,1,0,0,0,0,0,1
42,42,66,0,7.768956044538332,31,0,0,0,0,1,0,0,0,1,0,1,1,0,0,1,0,0,0,0,0,1
43,43,68,0,7.778211474512493,34,0,0,0,0,1,0,0,0,0,1,0,1,0,0,1,0,0,0,0,0,1
44,44,70,1,7.787382026484701,24,0,0,0,0,1,0,0,0,0,0,0,0,0,0,1,1,0,0,0,0,1
45,45,72,1,7.796469243086058,26,0,0,0,0,1,0,0,0,0,0,1,0,0,0,1,1,0,0,0,0,1
46,46,28,2,7.246368080102461,15,1,0,0,0,0,0,0,0,0,0,0,0,0,0,0,0,0,0,1,0,0
47,47,32,1,7.156176637480615,24,0,0,0,0,0,1,0,0,0,0,1,1,0,0,1,0,0,0,1,0,0
48,48,53,2,7.793174347189205,24,0,0,0,0,0,1,0,0,1,1,0,1,0,0,0,0,0,0,0,1,0
49,49,25,2,8.996156562033445,30,0,0,0,0,0,0,0,0,1,1,0,1,0,0,0,0,0,0,0,0,0
50,50,44,3,9.439784035838873,24,1,0,0,0,0,0,0,0,0,0,0,0,0,0,1,1,0,0,0,1,0
51,51,31,2,8.140315540159985,24,0,0,0,0,0,1,0,0,1,1,0,0,1,0,0,0,0,0,1,0,0
52,52,48,2,7.665753431861699,9,1,0,0,0,0,0,0,0,1,1,0,0,0,0,0,0,0,0,0,1,0
53,53,44,2,7.881182202227102,6,0,0,0,0,0,1,0,0,1,0,1,0,1,0,0,0,0,0,0,1,0
54,54,48,1,7.714677473800927,10,1,0,0,0,0,0,0,0,1,0,1,0,0,0,0,0,0,0,0,1,0
55,55,44,2,7.4977617006225685,12,1,0,0,0,0,0,0,0,1,1,0,1,0,0,0,1,0,0,0,1,0
56,56,26,2,7.634820677745543,10,0,0,0,1,0,0,0,0,1,1,0,1,0,0,0,1,0,0,1,0,0
57,57,36,1,7.2254814727822945,6,0,0,0,1,0,0,0,0,1,1,0,0,0,0,0,0,0,0,0,1,0
58,58,39,1,6.054439346269371,6,0,0,0,0,0,1,0,0,1,1,0,0,0,0,0,0,0,0,0,1,0
59,59,42,2,6.013715156042802,12,0,0,0,0,0,1,0,0,0,0,1,0,0,1,0,0,0,1,0,1,0
60,60,34,2,7.789454566086673,7,0,0,0,0,0,1,0,0,1,1,0,0,0,0,0,1,0,0,1,0,0
61,61,63,2,8.829958044235482,60,0,0,0,0,0,0,0,0,1,1,0,0,0,0,1,0,0,0,0,0,1
62,62,36,2,7.556427969440253,18,0,0,0,0,0,0,0,0,1,1,0,0,0,1,0,1,0,0,0,1,0
63,63,27,2,8.299037181613066,24,0,0,0,1,0,0,0,0,1,1,0,0,0,0,0,0,0,0,1,0,0
64,64,30,2,8.676928249537397,18,1,0,0,0,0,0,0,0,1,1,0,1,0,0,0,1,0,0,1,0,0
65,65,57,1,7.142036574706803,12,0,0,0,0,0,0,0,0,1,0,1,1,0,0,0,1,0,0,0,1,0
66,66,33,3,7.295735072749282,12,0,0,0,1,0,0,0,0,0,1,0,0,0,0,0,0,0,1,1,0,0
67,67,25,1,8.465057436995709,45,0,0,0,0,0,1,0,0,1,1,0,0,0,0,1,1,0,0,0,0,0
68,68,31,2,8.71768205216564,48,0,0,1,0,0,0,0,0,1,0,0,0,0,0,0,1,0,0,1,0,0
69,69,37,2,7.649692623711514,18,0,0,0,0,0,1,0,0,1,1,0,0,0,0,1,0,0,1,0,1,0
70,70,37,2,7.110696122978827,10,0,1,0,0,0,0,0,0,1,1,0,0,0,0,0,0,0,1,0,1,0
71,71,24,2,6.126869184114185,9,0,0,0,0,0,1,0,0,1,1,0,0,0,0,0,1,0,0,0,0,0
72,72,30,3,7.75491027202143,30,0,0,0,0,0,1,0,0,1,1,0,0,1,0,0,0,1,0,1,0,0
73,73,26,2,7.05444965813294,12,0,0,0,0,0,1,0,0,1,1,0,0,1,0,0,1,0,0,1,0,0
74,74,44,1,8.73294952429643,18,0,0,0,0,0,0,1,0,1,1,0,0,0,0,0,1,0,0,0,1,0
75,75,24,2,8.73020559553099,30,1,0,0,0,0,0,0,0,1,0,1,1,0,0,0,0,0,0,0,0,0
76,76,58,1,8.723068501163928,48,1,0,0,0,0,0,0,0,0,0,0,0,0,0,1,0,0,0,0,1,0
77,77,35,3,7.239214973779806,11,1,0,0,0,0,0,0,0,0,1,0,0,0,0,0,1,0,0,1,0,0
78,78,39,2,7.740229524763182,36,0,0,0,0,0,1,0,0,1,1,0,0,1,0,0,1,0,0,0,1,0
79,79,23,0,7.20934025660291,6,1,0,0,0,0,0,0,0,0,0,1,0,1,0,0,0,0,0,0,0,0
80,80,39,1,8.885717651712119,11,1,0,0,0,0,0,0,0,1,1,0,0,0,0,0,0,0,0,0,1,0
81,81,28,2,7.636752112435779,12,0,0,0,0,0,1,0,0,0,1,0,0,1,0,0,1,0,0,1,0,0
82,82,29,1,7.75491027202143,24,0,0,0,1,0,0,0,0,1,1,0,0,0,0,0,1,0,0,1,0,0
83,83,30,3,8.693664334532016,27,1,0,0,0,0,0,0,0,1,1,0,0,1,0,0,0,0,0,1,0,0
84,84,25,2,7.140453043101158,12,0,0,0,0,0,1,0,0,1,1,0,0,0,0,0,0,0,0,0,0,0
85,85,31,2,8.125039097367745,18,1,0,0,0,0,0,0,0,1,1,0,1,0,0,0,1,0,0,1,0,0
86,86,57,2,7.707512194600341,36,1,0,0,0,0,0,0,0,1,0,0,1,0,0,1,1,0,0,0,1,0
87,87,26,1,6.663132695990803,6,1,0,0,0,0,0,0,0,1,1,0,1,0,0,0,1,0,0,1,0,0
88,88,52,3,8.774622220696997,12,0,0,0,0,0,1,0,0,1,1,0,1,0,0,1,1,0,0,0,1,0
89,89,31,2,9.165970424240243,36,0,0,0,0,0,1,0,0,0,1,0,0,0,0,0,1,0,0,1,0,0
90,90,23,3,7.581209826196346,18,1,0,0,0,0,0,0,0,0,1,0,0,0,0,0,0,0,1,0,0,0
91,91,23,1,8.736971085254146,36,0,0,0,1,0,0,0,0,0,0,1,0,0,0,1,0,0,0,0,0,0
92,92,27,2,7.237778191923443,9,0,0,0,0,0,0,0,0,1,1,0,0,0,0,0,1,0,0,1,0,0
93,93,50,2,7.337587743538596,15,0,0,0,0,0,1,0,0,1,1,0,0,0,0,0,1,0,0,0,1,0
94,94,61,3,7.577121930876679,36,0,0,0,0,0,0,0,0,1,0,0,0,0,0,1,1,0,0,0,0,1
95,95,25,2,9.57644075656207,48,0,0,0,0,0,0,0,0,1,1,0,0,0,0,1,1,0,0,0,0,0
96,96,26,2,8.064950891749143,24,0,0,0,0,0,1,0,0,0,1,0,0,0,0,0,1,0,0,1,0,0
97,97,48,2,8.554488976159934,27,0,0,0,0,0,0,1,0,1,1,0,0,0,0,0,1,0,0,0,1,0
98,98,29,2,7.682943169878292,12,0,0,0,0,0,1,0,0,0,1,0,0,0,0,0,1,0,0,1,0,0
99,99,22,2,6.914730892718563,12,1,0,0,0,0,0,0,0,1,1,0,0,0,0,0,1,0,0,0,0,0
100,100,37,2,7.506042178518122,36,0,0,1,0,0,0,0,0,1,0,0,0,0,0,1,1,0,0,0,1,0
101,101,25,2,7.780720886117918,36,0,0,0,0,0,1,0,0,0,1,0,0,0,0,0,1,0,0,0,0,0
102,102,30,2,9.003685138166775,36,1,0,0,0,0,0,0,0,0,1,0,0,0,0,0,0,0,0,1,0,0
103,103,46,1,6.593044534142437,7,0,0,0,0,0,1,0,0,1,0,1,0,0,0,0,0,0,0,0,1,0
104,104,51,3,7.059617628291383,8,0,0,0,0,0,0,0,1,1,0,0,0,0,0,0,0,0,0,0,1,0
105,105,41,1,8.691818541575723,42,0,0,0,0,0,0,0,0,0,1,0,1,0,0,0,1,0,0,0,1,0
106,106,40,3,7.589335823170617,36,0,0,1,0,0,0,0,0,1,1,0,0,0,0,1,0,0,0,0,1,0
107,107,66,3,7.330405211844402,12,1,0,0,0,0,0,0,0,1,0,0,1,0,0,0,0,0,0,0,0,1
108,108,34,2,8.285261134068948,42,0,0,0,0,0,1,0,0,1,1,0,0,0,0,1,0,0,0,1,0,0
109,109,51,2,8.470311205516108,11,0,0,0,0,0,1,0,0,1,1,0,1,0,0,0,1,0,0,0,1,0
110,110,39,1,9.152287440527566,54,1,0,0,0,0,0,0,0,1,1,0,0,0,0,0,0,0,0,0,1,0
111,111,22,2,8.251142139090751,30,0,0,0,1,0,0,0,0,1,1,0,1,0,0,0,1,0,0,0,0,0
112,112,44,2,8.68996933536666,24,0,0,0,0,0,1,0,0,0,1,0,0,0,0,1,0,0,0,0,1,0
113,113,47,2,7.10085190894405,15,0,0,0,0,0,1,0,0,1,1,0,0,1,0,0,1,0,0,0,1,0
114,114,24,1,7.357556200910353,18,0,0,0,0,0,0,0,0,0,0,1,1,0,0,0,0,0,0,0,0,0
115,115,58,1,7.470224135899966,24,0,0,0,0,0,0,0,1,0,1,0,0,0,0,0,1,0,0,0,1,0
116,116,52,1,7.747164966520335,10,0,0,0,0,0,1,0,0,1,1,0,0,0,0,0,0,0,0,0,1,0
117,117,29,3,7.252762418053187,12,0,0,0,0,0,0,0,0,0,1,0,0,0,0,0,1,0,0,1,0,0
118,118,27,2,7.166265974133638,18,0,0,0,1,0,0,0,0,0,1,0,0,0,0,0,0,0,0,1,0,0
119,119,47,2,9.442404020664952,36,0,0,1,0,0,0,0,0,1,0,0,1,0,0,1,1,0,0,0,1,0
120,120,30,3,7.718240951959316,18,1,0,0,0,0,0,0,0,1,1,0,1,0,0,0,0,0,0,1,0,0
121,121,28,2,7.010311867307229,12,0,0,0,0,0,0,1,0,1,1,0,0,0,0,1,1,0,0,1,0,0
122,122,56,2,6.42648845745769,12,0,0,0,0,0,1,0,0,1,1,0,0,0,0,0,0,0,0,0,1,0
123,123,54,2,7.25063551189868,12,1,0,0,0,0,0,0,0,1,1,0,0,0,0,0,1,0,0,0,1,0
124,124,33,1,6.680854678790215,12,0,0,0,0,0,1,0,0,0,1,0,0,0,0,1,0,0,0,1,0,0
125,125,20,2,8.193400231952097,24,0,0,0,1,0,0,0,0,1,0,1,0,0,0,0,1,0,0,0,0,0
126,126,54,2,7.183870715062453,12,1,0,0,0,0,0,0,0,1,1,0,0,0,0,0,0,0,0,0,1,0
127,127,58,2,9.676900579444158,54,0,0,0,0,0,0,0,0,1,0,1,0,0,0,1,1,0,0,0,1,0
128,128,61,2,7.60688453121963,12,0,0,1,0,0,0,0,0,0,1,0,0,0,0,0,0,0,0,0,0,1
129,129,34,2,7.871692664323645,18,0,0,0,0,0,0,0,0,1,1,0,0,0,0,0,1,0,0,1,0,0
130,130,36,2,7.756623334538858,36,0,0,0,0,0,1,0,0,1,1,0,0,0,0,0,1,0,0,0,1,0
131,131,36,3,8.86177531100083,20,1,0,0,0,0,0,0,0,1,0,1,0,0,0,0,1,0,0,0,1,0
132,132,41,1,7.292337176173877,24,1,0,0,0,0,0,0,0,1,0,1,0,0,0,0,0,0,0,0,1,0
133,133,24,2,7.750614732770409,36,0,0,0,0,0,1,0,0,1,0,1,0,0,0,0,1,0,0,0,0,0
134,134,24,2,6.837332814685591,6,0,0,0,0,0,1,0,0,0,1,0,0,0,0,0,0,0,0,0,0,0
135,135,35,2,7.5595594960077,9,0,0,0,1,0,0,0,0,1,0,1,0,0,0,0,1,0,0,1,0,0
136,136,26,2,7.801800401908973,12,1,0,0,0,0,0,0,0,1,0,1,0,0,0,0,0,0,0,1,0,0
137,137,39,3,9.387481868728596,24,0,0,0,0,0,0,0,1,1,1,0,0,0,0,1,1,0,0,0,1,0
138,138,39,3,8.77307495131822,18,1,0,0,0,0,0,0,0,1,1,0,0,0,0,1,0,0,0,0,1,0
139,139,32,2,8.712430973476739,12,1,0,0,0,0,0,0,0,1,1,0,0,0,0,0,1,0,0,1,0,0
140,140,30,2,8.951699168308815,24,0,0,0,1,0,0,0,0,0,1,0,0,0,0,0,0,0,0,1,0,0
141,141,35,2,7.251344983372214,14,0,0,0,0,0,0,0,0,1,1,0,0,1,0,0,1,0,0,1,0,0
142,142,31,2,7.278628942320682,6,0,0,0,0,0,0,0,0,1,1,0,1,0,0,0,1,0,0,1,0,0
143,143,23,2,5.971261839790462,15,0,0,1,0,0,0,0,0,0,0,1,0,0,0,0,0,0,1,0,0,0
144,144,28,1,8.741935464094144,18,1,0,0,0,0,0,0,0,1,0,1,0,0,0,0,1,0,0,1,0,0
145,145,25,2,8.96890555068972,36,1,0,0,0,0,0,0,0,0,1,0,0,0,0,1,0,0,0,0,0,0
146,146,35,2,7.426549072397305,12,0,0,0,0,0,1,0,0,1,1,0,0,1,0,0,0,0,0,1,0,0
147,147,47,2,8.182559264068665,48,0,0,0,0,0,1,0,0,1,1,0,0,0,0,0,0,0,0,0,1,0
148,148,30,3,8.878218658092228,42,0,0,0,0,0,1,0,0,0,1,0,0,0,0,1,0,0,0,1,0,0
149,149,27,2,7.664815785285735,10,0,0,0,1,0,0,0,0,0,0,1,0,0,0,0,0,0,0,1,0,0
150,150,23,2,8.361941906144946,33,0,0,0,1,0,0,0,0,0,1,0,0,1,0,1,0,0,0,0,0,0
151,151,36,3,7.768956044538332,12,1,0,0,0,0,0,0,0,1,1,0,0,1,0,0,1,0,0,0,1,0
152,152,25,2,7.51479976048867,21,0,0,0,0,0,1,0,0,0,1,0,0,0,0,1,0,0,0,0,0,0
153,153,41,3,8.260492856573185,24,1,0,0,0,0,0,0,0,0,0,1,0,0,0,0,0,0,0,0,1,0
154,154,24,1,7.477604243197589,12,0,0,0,1,0,0,0,0,1,0,1,0,0,0,0,0,0,0,0,0,0
155,155,63,2,6.660575149839686,10,1,0,0,0,0,0,0,0,1,0,0,0,0,0,0,0,0,1,0,0,1
156,156,27,2,7.562161631225652,18,0,0,0,1,0,0,0,0,0,0,1,0,0,0,1,1,0,0,1,0,0
157,157,30,2,7.659642954564682,12,1,0,0,0,0,0,0,0,1,1,0,0,0,0,0,0,0,0,1,0,0
158,158,40,1,6.55250788703459,12,0,0,0,0,0,1,0,0,1,1,0,0,0,0,0,0,0,0,0,1,0
159,159,30,2,6.459904454377535,12,0,0,0,0,0,0,1,0,1,1,0,0,0,0,1,1,0,0,1,0,0
160,160,34,3,7.528331766707247,12,1,0,0,0,0,0,0,0,1,1,0,0,0,0,0,1,0,0,1,0,0
161,161,29,2,8.160232492367689,12,1,0,0,0,0,0,0,0,0,1,0,0,0,0,1,0,0,0,1,0,0
162,162,24,2,9.046290859969677,48,1,0,0,0,0,0,0,0,0,1,0,0,0,0,0,1,0,0,0,0,0
163,163,29,2,8.837390855544697,36,0,0,1,0,0,0,0,0,1,1,0,0,0,0,1,0,0,0,1,0,0
164,164,27,1,7.903965634032166,15,0,0,0,1,0,0,0,0,1,1,0,0,0,0,0,0,0,0,1,0,0
165,165,47,2,7.592870287844818,18,0,0,0,1,0,0,0,0,1,0,0,0,0,0,0,0,0,0,0,1,0
166,166,21,2,9.224637676677007,60,0,0,0,0,0,1,0,0,0,1,0,1,0,0,0,0,0,0,0,0,0
167,167,38,2,7.122866658599083,12,0,0,0,0,0,1,0,0,0,1,0,0,0,0,0,0,0,0,0,1,0
168,168,27,2,9.061027968789174,27,1,0,0,0,0,0,0,0,1,1,0,0,0,1,0,0,0,0,1,0,0
169,169,66,1,6.641182169740591,12,0,0,0,0,0,1,0,0,1,1,0,0,1,0,1,1,0,0,0,0,1
170,170,35,2,7.911324018963353,15,0,0,0,0,0,1,0,0,1,1,0,0,0,0,0,1,0,0,1,0,0
171,171,44,1,7.53955882930103,12,0,0,0,0,0,1,0,0,0,0,1,0,0,0,0,0,0,1,0,1,0
172,172,27,0,6.5638555265321274,6,1,0,0,0,0,0,0,0,1,1,0,0,0,1,0,0,0,1,1,0,0
173,173,30,3,8.475328987317539,36,0,0,0,0,0,1,0,0,0,1,0,0,0,0,0,1,0,0,1,0,0
174,174,27,3,8.13622555490846,27,0,0,0,0,0,1,0,0,1,1,0,0,0,0,0,0,0,0,1,0,0
175,175,22,2,7.808729306744399,18,0,0,0,1,0,0,0,0,1,1,0,0,0,0,1,0,0,0,0,0,0
176,176,23,2,7.7354333524996886,21,0,0,0,1,0,0,0,0,0,1,0,0,0,0,0,0,0,0,0,0,0
177,177,30,2,8.179199798423086,48,0,0,0,0,0,0,0,0,1,1,0,1,0,0,0,1,0,0,1,0,0
178,178,39,2,6.756932389247553,6,1,0,0,0,0,0,0,0,0,1,0,0,0,0,0,0,0,0,0,1,0
179,179,51,2,6.525029657843462,12,1,0,0,0,0,0,0,0,0,1,0,1,0,0,0,0,0,0,0,1,0
180,180,28,2,8.58876938990546,36,0,0,0,1,0,0,0,0,1,1,0,0,0,0,0,0,0,0,1,0,0
181,181,46,2,7.366445148327599,18,0,0,0,0,0,1,0,0,1,1,0,0,0,1,0,0,0,0,0,1,0
182,182,42,2,7.204892510204673,6,0,0,0,0,0,1,0,0,1,0,0,1,0,0,0,0,0,0,0,1,0
183,183,38,2,7.562161631225652,10,0,0,0,0,0,1,0,0,1,1,0,0,0,0,0,0,0,0,0,1,0
184,184,24,2,8.673855001429615,36,0,0,0,0,0,1,0,0,1,1,0,0,0,0,0,0,0,1,0,0,0
185,185,29,2,8.956479847999912,24,1,0,0,0,0,0,0,0,0,0,1,0,0,1,0,1,0,0,1,0,0
186,186,36,3,8.848939995030118,24,0,0,0,0,0,0,0,0,1,0,1,1,0,0,0,1,0,0,0,1,0
187,187,20,2,7.156176637480615,12,0,0,0,1,0,0,0,0,0,0,1,0,0,0,1,0,0,0,0,0,0
188,188,48,2,7.160845906664299,9,0,0,0,0,0,0,1,0,1,1,0,1,0,0,0,0,0,0,0,1,0
189,189,45,1,5.82600010738045,12,0,0,1,0,0,0,0,0,1,1,0,0,0,0,0,0,0,0,0,1,0
190,190,38,2,8.163940954755008,24,1,0,0,0,0,0,0,0,1,1,0,1,0,0,0,1,0,0,0,1,0
191,191,34,1,7.5485559791698735,6,0,0,0,0,0,1,0,0,1,1,0,0,0,0,0,0,0,0,1,0,0
192,192,36,2,7.962763930168115,24,0,0,0,0,0,1,0,0,1,1,0,1,0,0,0,0,0,0,0,1,0
193,193,30,2,6.961296045910167,18,1,0,0,0,0,0,0,0,0,1,0,0,0,0,0,0,0,0,1,0,0
194,194,36,2,7.140453043101158,15,0,1,0,0,0,0,0,0,1,1,0,0,1,0,0,0,0,0,0,1,0
195,195,70,3,8.896724917497897,10,1,0,0,0,0,0,0,0,1,0,0,0,0,0,0,1,0,0,0,0,1
196,196,36,2,6.812345094177479,36,1,0,0,0,0,0,0,0,1,1,0,0,1,0,0,0,0,0,0,1,0
197,197,32,2,7.999007213243955,6,0,0,0,1,0,0,0,0,1,1,0,0,1,0,0,0,0,0,1,0,0
198,198,33,2,7.030857476116121,18,0,0,0,1,0,0,0,0,0,1,0,0,0,0,1,0,0,0,1,0,0
199,199,20,2,7.3632795869630385,11,0,0,0,1,0,0,0,0,0,1,0,0,0,1,0,1,0,0,0,0,0
200,200,25,2,8.287025025165063,24,0,0,0,1,0,0,0,0,0,0,1,0,0,0,0,0,0,0,0,0,0
201,201,31,2,7.5678626054638825,24,0,0,0,0,0,0,0,0,1,1,0,0,0,0,1,1,0,0,1,0,0
202,202,33,2,6.856461984594587,15,1,0,0,0,0,0,0,0,1,0,1,0,0,0,1,0,0,0,1,0,0
203,203,26,2,6.637258031284457,12,0,0,0,1,0,0,0,0,0,1,0,0,0,0,0,0,0,0,1,0,0
204,204,34,3,7.6324011266014535,24,0,0,0,1,0,0,0,0,0,1,0,0,0,0,1,1,0,0,1,0,0
205,205,33,2,7.254177846456518,8,0,0,0,0,0,1,0,0,1,1,0,0,0,0,0,1,0,0,1,0,0
206,206,26,2,8.135639903354386,21,0,0,1,0,0,0,0,0,1,1,0,0,0,0,1,0,0,0,1,0,0
207,207,53,3,8.920656296853728,30,1,0,0,0,0,0,0,0,0,1,0,0,0,0,1,0,0,0,0,1,0
208,208,42,2,7.854381210652365,12,0,0,0,1,0,0,0,0,1,1,0,0,0,0,0,0,0,0,0,1,0
209,209,52,2,5.823045895483019,6,0,0,0,0,0,1,0,0,1,1,0,0,1,0,0,0,0,0,0,1,0
210,210,31,3,7.5822291942764615,12,0,0,0,0,0,1,0,0,1,0,1,0,0,0,0,0,0,0,1,0,0
211,211,65,2,6.3473892096560105,21,1,0,0,0,0,0,0,0,1,1,0,0,0,0,0,0,0,0,0,0,1
212,212,28,2,9.166597449028265,36,0,0,0,0,0,0,0,0,1,1,0,0,0,0,1,0,0,0,1,0,0
213,213,30,3,8.40178233990491,36,0,0,0,0,0,0,0,0,1,1,0,0,0,0,1,1,0,0,1,0,0
214,214,40,1,7.4067107301776405,21,1,0,0,0,0,0,0,0,1,1,0,0,0,0,1,0,0,0,0,1,0
215,215,50,2,8.236685322712457,24,0,0,0,1,0,0,0,0,1,1,0,0,0,1,0,0,0,0,0,1,0
216,216,36,2,6.784457062637643,18,1,0,0,0,0,0,0,0,1,1,0,0,0,0,1,1,0,0,0,1,0
217,217,31,2,7.215239978730097,15,0,0,0,0,0,1,0,0,1,1,0,0,0,0,0,0,0,0,1,0,0
218,218,74,3,8.542665987389269,9,1,0,0,0,0,0,0,0,0,0,0,0,0,0,1,1,0,0,0,0,1
219,219,68,0,7.069023426578259,16,1,0,0,0,0,0,0,0,1,0,0,0,0,0,0,1,0,0,0,0,1
220,220,34,0,7.089243155027514,23,0,0,0,0,1,0,0,0,1,0,0,0,0,0,1,0,0,0,1,0,0
221,221,36,1,7.088408778675395,15,0,0,0,0,1,0,0,0,0,0,1,0,0,0,1,1,0,0,0,1,0
222,222,30,1,7.099201743553092,10,0,0,0,0,1,0,0,0,1,0,1,0,0,0,1,0,0,0,1,0,0
223,223,36,0,7.1098794630722715,36,0,0,0,0,1,0,0,0,1,0,0,0,0,0,1,1,0,0,0,1,0
224,224,70,0,7.1204443723924875,6,0,0,0,0,1,0,0,0,1,0,1,0,0,0,1,1,0,0,0,0,1
225,225,36,1,7.1308988302963465,18,0,0,0,0,1,0,0,0,1,1,0,0,0,0,1,0,0,0,0,1,0
226,226,32,1,7.141245122350491,11,0,0,0,0,1,0,0,0,1,0,0,1,0,0,1,1,0,0,1,0,0
227,227,33,0,7.151485463904735,24,0,0,0,0,1,0,0,0,1,0,1,0,0,0,1,0,0,0,1,0,0
228,228,20,0,7.161622002939187,24,0,0,0,0,1,0,0,0,1,0,0,0,0,0,1,0,0,0,0,0,0
229,229,25,1,7.190676034332207,15,0,0,0,0,1,0,0,0,1,0,1,0,0,0,1,1,0,0,0,0,0
230,230,34,0,7.202661196523238,12,0,0,0,0,1,0,0,0,0,0,1,1,0,0,1,0,0,0,1,0,0
231,231,36,1,7.214504414151143,24,0,0,0,0,1,0,0,0,1,0,0,1,0,0,1,1,0,0,0,1,0
232,232,30,1,6.90875477931522,8,0,0,0,0,1,0,0,0,1,1,0,0,0,0,1,1,0,0,1,0,0
233,233,36,2,9.106312301552135,21,0,0,0,0,1,0,0,0,1,1,0,0,1,0,0,1,0,0,0,1,0
234,234,70,0,6.92951677076365,30,0,0,0,0,1,0,0,0,1,0,0,0,0,0,1,1,0,0,0,0,1
235,235,36,1,6.946013991099227,12,0,0,0,0,1,0,0,0,1,0,0,0,0,0,1,0,0,0,0,1,0
236,236,32,1,6.962243464266207,6,0,0,0,0,1,0,0,0,0,0,0,1,0,0,1,0,0,0,1,0,0
237,237,33,0,6.9782137426306985,12,0,0,0,0,1,0,0,0,1,0,1,0,0,0,1,1,0,0,1,0,0
238,238,20,0,6.993932975223189,21,0,0,0,0,1,0,0,0,1,0,1,0,0,0,1,0,0,0,0,0,0
239,239,25,1,7.175489713624222,36,0,0,0,0,1,0,0,0,0,0,0,0,0,0,1,1,0,0,0,0,0
240,240,31,1,7.179307969504034,36,0,0,0,0,1,0,0,0,1,0,1,0,0,0,1,0,0,0,1,0,0
241,241,33,0,7.183111701743281,21,0,0,0,0,1,0,0,0,1,1,0,0,0,0,1,1,0,0,1,0,0
242,242,26,1,7.186901020411631,39,0,0,0,0,1,0,0,0,0,0,0,1,0,0,1,0,0,0,1,0,0
243,243,34,1,7.190676034332207,27,0,0,0,0,1,0,0,0,1,0,1,0,0,0,1,0,0,0,1,0,0
244,244,33,0,7.194436851100335,12,0,0,0,0,1,0,0,0,1,0,0,0,0,0,1,1,0,0,1,0,0
245,245,26,2,9.038602608721874,12,0,0,0,0,1,0,0,0,0,0,1,0,1,0,0,0,0,1,1,0,0
246,246,53,1,7.7501841622578365,30,0,0,0,0,1,0,0,0,0,0,1,0,0,0,1,0,0,0,0,1,0
247,247,42,1,7.759614150696903,12,0,0,0,0,1,0,0,0,1,0,0,1,0,0,1,0,0,0,0,1,0
248,248,52,0,7.768956044538332,12,0,0,0,0,1,0,0,0,1,0,1,0,0,0,1,0,0,0,0,1,0
249,249,31,0,7.778211474512493,24,0,0,0,0,1,0,0,0,0,1,0,0,0,0,1,0,0,0,1,0,0
250,250,65,1,7.787382026484701,12,0,0,0,0,1,0,0,0,0,0,0,0,0,0,1,1,0,0,0,0,1
251,251,28,1,7.796469243086058,9,0,0,0,0,1,0,0,0,0,0,1,0,0,0,1,1,0,0,1,0,0
252,252,30,2,6.513230110912307,36,0,0,0,0,0,1,0,0,1,1,0,1,0,0,1,0,0,0,1,0,0
253,253,40,2,8.084562415235304,27,0,0,0,1,0,0,0,0,0,1,0,0,0,0,0,1,0,0,0,1,0
254,254,50,3,8.431853144249223,30,0,0,0,0,0,0,0,0,1,1,0,0,0,1,1,0,0,0,0,1,0
255,255,34,1,8.254268770090183,48,0,0,0,0,0,0,0,0,1,0,0,1,0,0,1,1,0,0,1,0,0
256,256,36,2,8.272570608424903,27,0,0,0,0,0,0,0,0,1,1,0,0,0,0,1,1,0,0,0,1,0
257,257,29,2,7.653494909661253,6,0,0,0,0,0,1,0,0,1,0,1,0,0,0,0,0,0,0,1,0,0
258,258,21,2,8.016647877057803,45,0,0,0,0,0,1,0,0,1,0,1,1,0,0,1,1,0,0,0,0,0
259,259,34,3,7.313886831633462,9,0,0,1,0,0,0,0,0,0,1,0,0,0,0,1,1,0,0,1,0,0
260,260,28,2,7.231287004327616,6,0,0,0,0,0,1,0,0,0,1,0,0,0,0,0,0,0,0,1,0,0
261,261,27,2,6.85751406254539,12,0,0,0,1,0,0,0,0,0,0,1,1,0,0,1,1,0,0,1,0,0
262,262,36,2,7.9229859587111955,24,1,0,0,0,0,0,0,0,1,0,0,0,0,0,0,1,0,0,0,1,0
263,263,40,3,8.365672383774996,18,0,0,0,1,0,0,0,0,1,1,0,0,0,0,1,1,0,0,0,1,0
264,264,52,2,6.841615476477592,9,0,0,1,0,0,0,0,0,1,1,0,0,1,0,0,0,0,0,0,1,0
265,265,27,1,7.0630481633881725,12,1,0,0,0,0,0,0,0,1,1,0,0,0,0,0,0,0,0,1,0,0
266,266,26,2,8.540323608805092,27,0,0,0,0,0,0,0,0,1,1,0,0,0,0,0,0,0,0,1,0,0
267,267,21,2,6.804614520062624,12,0,0,1,0,0,0,0,0,1,0,1,0,0,0,1,0,0,0,0,0,0
268,268,38,1,7.3098814858247865,12,1,0,0,0,0,0,0,0,1,1,0,0,0,0,0,0,0,0,0,1,0
269,269,38,3,9.270776740780013,30,1,0,0,0,0,0,0,0,1,0,0,0,0,0,0,0,0,0,0,1,0
270,270,43,2,7.5678626054638825,12,0,0,0,1,0,0,0,0,1,1,0,0,0,0,0,0,0,0,0,1,0
271,271,26,2,7.261225091971921,12,0,1,0,0,0,0,0,0,1,1,0,0,0,0,0,1,0,0,1,0,0
272,272,21,1,8.789964651132264,24,0,0,0,0,0,0,0,0,1,1,0,0,0,0,0,0,0,0,0,0,0
273,273,55,2,7.253470382684528,12,1,0,0,0,0,0,0,0,1,1,0,0,0,1,0,0,0,0,0,1,0
274,274,33,2,8.03073492409854,9,0,0,0,0,0,1,0,0,1,1,0,0,0,0,0,0,0,0,1,0,0
275,275,45,1,8.251924713801357,36,0,0,0,0,0,1,0,0,0,1,0,0,0,0,0,0,0,0,0,1,0
276,276,50,2,8.574140471857987,27,0,0,0,0,0,0,0,0,1,1,0,0,0,0,1,0,0,0,0,1,0
277,277,66,3,7.553810852008231,30,0,0,0,0,0,0,0,0,1,1,0,0,0,0,1,0,0,1,0,0,1
278,278,51,2,8.114324709155339,36,0,0,0,0,0,1,0,0,1,1,0,0,0,0,0,0,0,0,0,1,0
279,279,39,1,6.837332814685591,6,0,0,1,0,0,0,0,0,0,1,0,0,0,0,0,1,0,0,0,1,0
280,280,31,2,8.04044688130311,18,0,0,0,0,0,0,0,0,1,1,0,0,0,0,0,0,0,0,1,0,0
281,281,23,2,8.272059622210412,36,0,0,0,0,0,1,0,0,1,1,0,0,0,0,0,0,0,1,0,0,0
282,282,24,1,8.013343181386672,24,0,0,0,1,0,0,0,0,1,0,1,0,0,0,0,0,0,0,0,0,0
283,283,64,2,7.218176838403408,10,1,0,0,0,0,0,0,0,0,1,0,0,0,0,0,0,0,0,0,0,1
284,284,26,1,6.437751649736401,12,0,0,0,0,0,1,0,0,1,1,0,0,0,0,0,1,0,0,1,0,0
285,285,23,2,7.090076835776092,12,0,0,1,0,0,0,0,0,0,0,1,0,0,0,0,0,0,0,0,0,0
286,286,30,2,6.561030665896573,12,0,0,0,0,0,1,0,0,1,1,0,0,0,0,0,0,0,0,1,0,0
287,287,32,2,7.999007213243955,24,0,0,0,0,0,0,0,0,1,1,0,0,0,0,0,0,0,0,1,0,0
288,288,30,2,8.446126742982377,15,1,0,0,0,0,0,0,0,1,1,0,0,0,0,0,0,0,0,1,0,0
289,289,27,2,7.868254265520613,36,0,0,0,0,0,0,1,0,1,1,0,0,0,0,0,0,0,0,1,0,0
290,290,27,2,9.302098797215724,48,0,0,0,0,0,1,0,0,1,1,0,0,0,1,1,1,0,0,1,0,0
291,291,53,3,8.970177815492379,12,0,0,0,1,0,0,0,0,1,0,0,0,0,0,1,0,0,0,0,1,0
292,292,22,2,7.298445101508147,9,0,0,0,0,0,1,0,0,1,1,0,0,0,0,1,0,0,0,0,0,0
293,293,22,2,8.054840221101024,24,0,0,0,1,0,0,0,0,1,0,0,0,0,0,0,0,0,0,0,0,0
294,294,26,2,8.345217926676428,36,0,0,0,0,0,1,0,0,1,1,0,0,0,0,1,0,0,1,1,0,0
295,295,51,1,7.826842098158293,9,1,0,0,0,0,0,0,0,1,0,0,0,1,0,0,0,0,0,0,1,0
296,296,35,2,7.669028288589683,12,0,0,0,0,0,1,0,0,1,1,0,1,0,0,0,0,0,0,1,0,0
297,297,25,1,6.763884908562435,18,0,0,0,0,0,1,0,0,1,1,0,0,0,0,0,1,0,0,0,0,0
298,298,42,1,7.342131730584722,4,0,0,0,0,0,1,0,0,1,1,0,0,0,0,0,0,0,0,0,1,0
299,299,30,3,7.508238774678663,24,0,0,0,0,0,1,0,0,1,1,0,0,0,0,1,0,0,0,1,0,0
300,300,23,0,9.585689856179723,6,1,0,0,0,0,0,0,0,1,1,0,0,0,0,1,1,0,0,0,0,0
301,301,61,1,7.925518979786926,21,0,0,0,0,0,0,0,0,1,0,1,1,0,0,1,1,0,0,0,0,1
302,302,35,2,7.1631723908466425,12,0,0,0,0,0,1,0,0,0,1,0,0,0,0,0,0,0,0,1,0,0
303,303,39,2,7.8328075165248645,30,0,0,0,0,0,1,0,0,1,1,0,0,0,0,0,0,0,0,0,1,0
304,304,29,2,6.818924065275521,24,1,0,0,0,0,0,0,0,0,1,0,0,0,0,1,0,0,0,1,0,0
305,305,51,2,7.374629015218945,6,0,0,0,0,0,1,0,0,1,1,0,0,0,0,0,0,0,0,0,1,0
306,306,24,2,8.434897948689407,48,1,0,0,0,0,0,0,0,1,0,0,0,0,0,1,0,0,0,0,0,0
307,307,27,2,7.077498053569231,12,0,0,0,0,0,0,0,0,0,1,0,0,0,0,0,0,0,0,1,0,0
308,308,35,1,8.145259566516865,12,0,0,1,0,0,0,0,0,0,1,0,0,1,0,0,0,0,0,1,0,0
309,309,25,2,7.1372784372603855,24,0,0,0,0,0,0,0,0,1,1,0,0,0,0,0,0,0,0,0,0,0
310,310,52,2,6.57507584059962,12,0,0,0,0,0,1,0,0,1,1,0,0,0,0,0,0,0,0,0,1,0
311,311,35,2,7.093404625868766,6,1,0,0,0,0,0,0,0,1,0,1,1,0,0,0,0,0,0,1,0,0
312,312,26,2,7.562681246721884,24,0,0,0,1,0,0,0,0,1,1,0,0,0,0,0,0,0,1,1,0,0
313,313,22,2,6.07073772800249,18,0,0,0,0,0,1,0,0,0,0,1,0,0,0,1,0,0,0,0,0,0
314,314,39,1,6.501289670540389,6,1,0,0,0,0,0,0,0,0,1,0,0,0,1,0,0,0,0,0,1,0
315,315,46,1,7.719129840906732,12,0,0,0,1,0,0,0,0,0,1,0,0,0,0,0,0,0,1,0,1,0
316,316,24,2,7.673223121121708,30,1,0,0,0,0,0,0,0,0,1,0,0,0,0,1,1,0,0,0,0,0
317,317,35,2,8.33110454805304,24,0,0,0,1,0,0,0,0,1,1,0,1,0,0,0,0,0,0,1,0,0
318,318,24,2,7.615791072035833,9,0,0,0,1,0,0,0,0,1,1,0,0,0,0,0,1,0,0,0,0,0
319,319,27,1,8.911664758049536,60,0,0,0,0,0,1,0,0,1,1,0,0,0,0,0,1,0,0,1,0,0
320,320,35,1,7.895063498091573,24,0,0,0,0,0,1,0,0,1,1,0,0,0,0,0,0,0,0,1,0,0
321,321,29,2,7.67275789664251,12,0,0,0,0,0,1,0,0,1,0,0,0,0,0,1,0,0,0,1,0,0
322,322,23,2,8.245909264774093,15,1,0,0,0,0,0,0,0,0,1,0,1,0,0,0,0,0,0,0,0,0
323,323,57,1,7.050989447068045,11,0,0,0,0,0,1,0,0,0,1,0,1,0,0,0,0,0,0,0,1,0
324,324,27,2,7.4127640174265625,12,0,0,0,1,0,0,0,0,1,1,0,0,0,0,0,0,0,0,1,0,0
325,325,55,2,7.3796321526095525,24,0,0,0,0,0,1,0,0,0,1,0,0,0,0,0,0,0,0,0,1,0
326,326,36,3,8.57583938684897,18,1,0,0,0,0,0,0,0,1,0,0,0,0,0,0,0,0,0,0,1,0
327,327,57,1,7.91862865334224,12,0,0,1,0,0,0,0,0,0,0,0,0,0,0,0,0,0,0,0,1,0
328,328,32,1,7.115582126184454,10,1,0,0,0,0,0,0,0,1,1,0,0,0,0,0,0,0,0,1,0,0
329,329,37,2,6.687108607866515,15,0,0,0,0,0,1,0,0,1,1,0,0,0,0,1,1,0,0,0,1,0
330,330,36,2,8.748939631537715,36,0,0,0,0,0,0,0,0,1,1,0,0,0,0,0,0,0,0,0,1,0
331,331,38,2,7.334981878871814,24,0,0,0,0,0,1,0,0,0,1,0,0,0,0,0,0,0,0,0,1,0
332,332,45,3,9.102532419341877,14,1,0,0,0,0,0,0,0,1,1,0,0,0,0,1,0,0,0,0,1,0
333,333,25,2,6.906754778648554,24,0,0,0,0,0,1,0,0,1,1,0,0,0,0,0,0,0,0,0,0,0
334,334,32,2,7.8868329989550565,18,1,0,0,0,0,0,0,0,1,1,0,0,0,0,0,0,0,0,1,0,0
335,335,37,2,7.2456550675945355,12,0,0,0,1,0,0,0,0,0,0,1,0,1,0,0,0,0,0,0,1,0
336,336,36,3,9.4066470133368,48,1,0,0,0,0,0,0,0,1,0,0,0,0,0,0,1,0,0,0,1,0
337,337,28,2,8.026170194946426,48,0,0,0,0,0,1,0,0,1,1,0,0,0,0,1,1,0,0,1,0,0
338,338,34,1,9.392495248213038,30,0,0,0,0,0,0,1,0,1,1,0,0,0,0,1,0,0,0,1,0,0
339,339,32,2,7.89989532313973,9,0,0,0,0,0,1,0,0,1,1,0,0,0,0,0,0,0,0,1,0,0
340,340,26,2,7.784889295655098,18,0,0,0,0,0,1,0,0,0,1,0,0,0,0,0,0,0,0,1,0,0
341,341,49,1,7.140453043101158,12,0,0,0,1,0,0,0,0,1,1,0,0,0,0,0,0,0,0,0,1,0
342,342,32,2,8.436200032206706,6,0,0,0,1,0,0,0,0,0,1,0,0,0,0,1,0,0,0,1,0,0
343,343,29,3,7.550135342488429,24,0,0,0,0,0,1,0,0,1,0,1,1,0,0,0,0,0,0,1,0,0
344,344,23,2,8.122074375362217,15,1,0,0,0,0,0,0,0,1,0,1,0,0,1,0,0,0,0,0,0,0
345,345,50,2,7.3613754289773485,12,0,0,0,1,0,0,0,0,1,1,0,0,0,0,0,0,0,0,0,1,0
346,346,49,1,7.275864600546533,18,0,0,0,0,0,1,0,0,1,1,0,0,0,0,0,0,0,1,0,1,0
347,347,63,2,7.326465613840322,15,0,0,0,1,0,0,0,0,1,1,0,0,0,0,0,0,0,0,0,0,1
348,348,37,2,8.263074835802596,24,1,0,0,0,0,0,0,0,1,1,0,1,0,0,0,1,0,0,0,1,0
349,349,35,1,9.280052984387483,47,1,0,0,0,0,0,0,0,0,1,0,0,0,0,0,0,0,0,1,0,0
350,350,26,2,8.473868066677865,48,1,0,0,0,0,0,0,0,1,1,0,0,0,0,0,0,0,0,1,0,0
351,351,31,3,8.93353229607628,48,0,0,0,0,0,0,0,1,1,0,0,1,0,0,0,1,0,0,1,0,0
352,352,49,2,6.9957661563048505,12,0,0,0,0,0,1,0,0,0,1,0,0,0,0,0,1,0,0,0,1,0
353,353,48,2,6.931471805599453,24,0,0,0,0,0,1,0,0,1,1,0,0,0,0,1,0,0,0,0,1,0
354,354,26,2,6.98100574072173,12,0,0,0,0,0,0,0,0,1,1,0,0,0,0,0,0,0,0,1,0,0
355,355,28,3,9.14825217966276,36,1,0,0,0,0,0,0,0,1,0,1,0,0,0,1,1,0,0,1,0,0
356,356,44,3,8.767017621311778,24,1,0,0,0,0,0,0,0,0,0,0,0,0,0,0,0,0,0,0,1,0
357,357,56,2,8.475537516147405,42,1,0,0,0,0,0,0,0,1,0,0,0,0,0,0,0,0,1,0,1,0
358,358,46,3,8.93971205409023,48,0,0,0,0,0,0,0,0,1,1,0,0,0,0,0,0,0,0,0,1,0
359,359,26,2,9.206332350578643,48,0,0,0,1,0,0,0,0,0,1,0,0,0,0,1,1,0,0,1,0,0
360,360,20,2,8.449984441722787,12,1,0,0,0,0,0,0,0,0,0,1,0,0,0,0,0,0,0,0,0,0
361,361,45,1,7.160069207596127,10,1,0,0,0,0,0,0,0,1,1,0,0,0,0,0,0,0,0,0,1,0
362,362,43,2,7.83002808253384,18,0,0,0,1,0,0,0,0,1,1,0,0,0,0,0,0,0,0,0,1,0
363,363,32,2,7.917536353943631,21,0,0,0,1,0,0,0,0,1,1,0,0,0,1,0,1,0,0,1,0,0
364,364,54,0,6.51025834052315,6,1,0,0,0,0,0,0,0,0,1,0,0,0,0,0,0,0,0,0,1,0
365,365,42,2,8.24380842366528,36,0,0,0,0,0,1,0,0,0,1,0,0,0,0,1,1,0,0,0,1,0
366,366,37,1,7.203405521083095,24,1,0,0,0,0,0,0,0,1,1,0,0,0,0,1,0,0,1,0,1,0
367,367,49,2,6.945051063725834,10,1,0,0,0,0,0,0,0,1,1,0,0,0,0,0,0,0,0,0,1,0
368,368,44,2,9.222960403332285,48,1,0,0,0,0,0,0,0,1,0,0,0,1,0,1,0,0,0,0,1,0
369,369,33,2,7.341483852363161,6,0,0,0,1,0,0,0,0,1,1,0,0,0,1,0,0,0,0,1,0,0
370,370,24,1,8.478660241699453,30,1,0,0,0,0,0,0,0,0,0,1,0,0,0,0,0,0,0,0,0,0
371,371,33,1,6.588926477533519,12,0,0,0,0,0,1,0,0,1,1,0,1,0,0,1,0,0,0,1,0,0
372,372,24,2,7.1204443723924875,8,0,0,0,1,0,0,0,0,0,1,0,0,0,0,1,1,0,0,0,0,0
373,373,22,1,5.62040086571715,9,1,0,0,0,0,0,0,0,1,0,1,0,0,0,0,1,0,0,0,0,0
374,374,40,0,8.59062950948942,48,0,0,0,0,0,0,0,1,1,0,0,0,0,0,0,1,0,0,0,1,0
375,375,25,2,8.614501373883236,24,0,0,0,1,0,0,0,0,1,1,0,1,0,0,0,0,0,0,0,0,0
376,376,26,2,8.229244416735913,24,0,0,0,1,0,0,0,0,0,1,0,0,0,0,0,0,0,1,1,0,0
377,377,25,1,6.529418838262226,12,1,0,0,0,0,0,0,0,1,1,0,0,0,0,1,1,0,0,0,0,0
378,378,29,1,7.309212365692763,4,1,0,0,0,0,0,0,0,1,1,0,0,0,0,0,0,0,1,1,0,0
379,379,31,2,7.917900586327916,36,0,0,0,1,0,0,0,0,1,1,0,0,0,0,1,0,0,0,1,0,0
380,380,38,1,6.56244409369372,12,0,0,0,1,0,0,0,0,1,1,0,0,0,0,0,0,0,0,0,1,0
381,381,48,1,8.37816098272068,24,0,0,0,1,0,0,0,0,0,1,0,0,0,0,0,1,0,0,0,1,0
382,382,32,2,6.55250788703459,12,0,0,1,0,0,0,0,0,1,1,0,0,0,0,0,0,0,0,1,0,0
383,383,45,2,9.593150789519541,6,0,0,0,1,0,0,0,0,1,1,0,0,0,0,0,0,0,1,0,1,0
384,384,47,3,8.374707543119483,7,0,0,0,1,0,0,0,0,1,1,0,1,0,0,0,1,0,0,0,1,0
385,385,49,3,9.09873819539488,8,1,0,0,0,0,0,0,0,1,0,1,0,0,0,0,1,0,0,0,1,0
386,386,51,2,8.804775258867686,9,1,0,0,0,0,0,0,0,0,0,0,0,0,1,0,1,0,0,0,1,0
387,387,53,2,8.784468454090355,10,0,0,0,1,0,0,0,0,0,1,0,1,0,0,0,1,0,0,0,1,0
388,388,55,2,8.109224953089955,11,0,0,0,1,0,0,0,0,1,1,0,1,0,0,0,0,0,1,0,1,0
389,389,57,2,8.182279739259018,12,0,0,0,1,0,0,0,0,0,1,0,1,0,0,0,0,0,1,0,1,0
390,390,59,2,7.8551570058813445,13,0,0,1,0,0,0,0,0,1,1,0,1,0,0,0,0,0,0,0,1,0
391,391,61,2,8.804475183846678,14,0,0,0,1,0,0,0,0,0,1,0,0,0,1,0,0,0,0,0,0,1
392,392,63,2,8.804475183846678,15,0,0,0,1,0,0,0,0,1,1,0,0,0,1,0,0,0,1,0,0,1
393,393,65,1,8.426830751335846,16,1,0,0,0,0,0,0,0,1,0,1,0,0,0,0,0,0,1,0,0,1
394,394,67,1,8.430545384690566,17,1,0,0,0,0,0,0,0,1,0,1,0,0,0,0,1,0,0,0,0,1
395,395,69,2,8.434246270595311,18,0,0,0,1,0,0,0,0,0,1,0,0,0,1,0,0,0,1,0,0,1
396,396,71,1,8.437933510430605,19,0,0,0,1,0,0,0,0,1,1,0,0,0,1,0,0,0,0,0,0,1
397,397,73,0,8.441607204459642,20,0,0,0,1,0,0,0,0,1,1,0,1,0,0,0,0,0,0,0,0,1
398,398,42,2,8.445267451844648,21,0,0,1,0,0,0,0,0,1,1,0,0,0,1,0,1,0,0,0,1,0
399,399,44,2,8.448914350662942,22,1,0,0,0,0,0,0,0,0,1,0,0,0,0,0,0,0,0,0,1,0
400,400,46,1,8.452547997922705,23,1,0,0,0,0,0,0,0,1,1,0,0,0,0,0,0,0,1,0,1,0
401,401,48,1,8.456168489578463,24,1,0,0,0,0,0,0,0,1,0,0,1,0,0,0,1,0,0,0,1,0
402,402,50,2,8.459775920546287,25,1,0,0,0,0,0,0,0,1,1,0,0,0,0,0,1,0,0,0,1,0
403,403,52,1,8.463370384718731,26,0,0,1,0,0,0,0,0,1,1,0,0,0,1,0,1,0,0,0,1,0
404,404,54,1,8.46695197497949,27,0,0,1,0,0,0,0,0,0,1,0,1,0,0,0,1,0,0,0,1,0
405,405,56,2,8.470520783217808,28,0,0,1,0,0,0,0,0,1,0,1,1,0,0,0,0,0,1,0,1,0
406,406,58,2,8.47407690034261,29,1,0,0,0,0,0,0,0,0,0,0,1,0,0,0,0,0,1,0,1,0
407,407,60,2,8.477620416296414,30,1,0,0,0,0,0,0,0,1,0,0,1,0,0,0,0,0,0,0,1,0
408,408,62,1,8.481151420068972,31,0,0,0,1,0,0,0,0,1,1,0,0,0,1,0,0,0,0,0,0,1
409,409,64,1,8.484669999710677,32,0,0,0,1,0,0,0,0,1,1,0,0,0,1,0,0,0,1,0,0,1
410,410,66,2,8.488176242345745,33,0,0,0,1,0,0,0,0,1,0,1,0,0,0,0,0,0,1,0,0,1
411,411,68,1,8.491670234185152,34,0,0,1,0,0,0,0,0,1,1,0,0,0,0,0,1,0,0,0,0,1
412,412,70,2,8.495152060539358,35,1,0,0,0,0,0,0,0,1,1,0,1,0,0,0,0,0,1,0,0,1
413,413,72,2,8.498621805830801,11,1,0,0,0,0,0,0,0,0,1,0,1,0,0,0,0,0,0,0,0,1
414,414,74,2,8.502079553606189,13,1,0,0,0,0,0,0,0,1,1,0,1,0,0,0,0,0,0,0,0,1
415,415,76,1,8.505525386548555,15,1,0,0,0,0,0,0,0,1,1,0,0,0,1,0,1,0,0,0,0,1
416,416,55,1,8.508959386489133,17,0,0,0,1,0,0,0,0,0,1,0,0,0,1,0,0,0,0,0,1,0
417,417,57,2,8.512381634419015,19,0,0,0,1,0,0,0,0,1,1,0,0,0,1,0,0,0,1,0,1,0
418,418,59,1,8.51579221050061,21,0,0,0,1,0,0,0,0,1,0,0,0,0,0,0,1,0,0,0,1,0
419,419,61,1,8.51919119407891,23,0,0,1,0,0,0,0,0,1,1,0,0,0,1,0,1,0,0,0,0,1
420,420,63,2,8.522578663692576,25,1,0,0,0,0,0,0,0,0,0,1,0,0,0,0,1,0,0,0,0,1
421,421,65,2,8.52595469708481,27,1,0,0,0,0,0,0,0,1,1,0,0,0,0,0,1,0,0,0,0,1
422,422,67,2,8.529319371214077,29,1,0,0,0,0,0,0,0,1,1,0,1,0,0,0,0,0,1,0,0,1
423,423,69,1,8.532672762264625,31,1,0,0,0,0,0,0,0,0,0,1,0,0,0,0,0,0,1,0,0,1
424,424,71,1,8.536014945656826,33,0,0,1,0,0,0,0,0,0,0,0,0,0,1,0,0,0,0,0,0,1
425,425,73,2,8.53934599605737,35,0,0,1,0,0,0,0,0,1,1,0,1,0,0,0,0,0,0,0,0,1
426,426,42,1,8.542665987389269,37,0,0,1,0,0,0,0,0,1,1,0,1,0,0,0,0,0,1,0,1,0
427,427,44,2,8.545974992841689,39,0,0,1,0,0,0,0,0,1,1,0,1,0,0,0,0,0,1,0,1,0
428,428,46,2,8.54927308487965,41,0,0,1,0,0,0,0,0,0,1,0,1,0,0,0,1,0,0,0,1,0
429,429,48,2,8.55256033525353,43,0,0,1,0,0,0,0,0,0,1,0,0,0,1,0,0,0,1,0,1,0
430,430,50,1,8.555836815008442,45,0,0,1,0,0,0,0,0,1,1,0,0,0,1,0,0,0,0,0,1,0
431,431,52,1,8.559102594493448,47,0,0,1,0,0,0,0,0,1,1,0,0,0,0,0,0,0,0,0,1,0
432,432,54,2,8.562357743370612,49,0,0,1,0,0,0,0,0,1,1,0,0,0,0,0,1,0,0,0,1,0
433,433,56,1,8.565602330623925,7,0,0,1,0,0,0,0,0,1,1,0,1,0,0,0,0,0,0,0,1,0
434,434,58,1,8.568836424568076,8,0,0,1,0,0,0,0,0,0,1,0,1,0,0,0,0,0,1,0,1,0
435,435,68,2,8.572060092857077,9,0,0,1,0,0,0,0,0,1,0,1,1,0,0,0,1,0,0,0,0,1
436,436,70,1,8.575273402492762,10,0,0,1,0,0,0,0,0,0,0,0,0,0,1,0,1,0,0,0,0,1
437,437,72,1,8.578476419833136,11,0,0,1,0,0,0,0,0,1,1,0,0,0,1,0,1,0,0,0,0,1
438,438,74,2,8.581669210600602,12,0,0,1,0,0,0,0,0,1,1,0,0,0,1,0,1,0,0,0,0,1
439,439,76,1,8.584851839890053,13,0,0,1,0,0,0,0,0,1,1,0,0,0,0,0,0,0,1,0,0,1
440,440,55,0,8.588024372176829,14,0,0,1,0,0,0,0,0,0,1,0,0,0,1,0,0,0,1,0,1,0
441,441,57,2,8.591186871324563,15,0,0,1,0,0,0,0,0,1,1,0,0,0,0,0,0,0,0,0,1,0
442,442,59,2,8.358431899031295,16,0,0,1,0,0,0,0,0,1,1,0,0,0,0,0,0,0,0,0,1,0
443,443,61,1,8.517193191416238,17,0,0,1,0,0,0,0,0,1,0,1,1,0,0,0,0,0,1,0,0,1
444,444,63,1,8.654168646443315,18,0,0,1,0,0,0,0,0,1,0,1,0,0,0,0,0,0,1,0,0,1
445,445,65,2,8.774622220696997,19,0,0,0,0,0,1,0,0,0,1,0,0,0,1,0,1,0,0,0,0,1
446,446,55,1,8.882114044208821,20,0,0,0,1,0,0,0,0,1,1,0,1,0,0,0,0,0,1,0,1,0
447,447,56,1,8.979164648964709,21,1,0,0,0,0,0,0,0,1,1,0,1,0,0,0,0,0,0,0,1,0
448,448,57,2,9.067624069774588,22,0,0,0,0,0,0,0,1,1,1,0,1,0,0,0,0,0,0,0,1,0
449,449,58,2,9.14889040965996,23,0,0,0,1,0,0,0,0,1,1,0,1,0,0,0,1,0,0,0,1,0
450,450,59,3,9.224046019032295,24,0,0,0,1,0,0,0,0,0,1,0,0,0,1,0,0,0,0,0,1,0
451,451,60,3,8.39931015075952,25,1,0,0,0,0,0,0,0,0,1,0,0,0,1,0,0,0,1,0,1,0
452,452,61,2,8.471568013389962,26,1,0,0,0,0,0,0,0,1,0,1,0,0,0,0,1,0,0,0,0,1
453,453,62,2,8.53895468319775,27,0,0,0,0,0,1,0,0,0,0,0,0,0,0,1,1,0,0,0,0,1
454,454,63,2,8.6020856584342,28,0,0,0,1,0,0,0,0,1,1,0,1,0,0,0,1,0,0,0,0,1
455,455,64,2,8.661466680572662,29,1,0,0,0,0,0,0,0,0,1,0,1,0,0,0,1,0,0,0,0,1
456,456,65,2,8.717518372649767,30,0,0,0,0,0,0,0,1,1,1,0,1,0,0,0,0,0,1,0,0,1
457,457,66,2,8.770594329891145,31,0,0,0,1,0,0,0,0,1,1,0,0,0,1,0,0,0,1,0,0,1
458,458,67,2,8.820994645747902,32,0,0,0,0,0,1,0,0,1,1,0,0,0,1,1,0,0,0,0,0,1
459,459,68,1,8.868976189274543,33,0,0,0,1,0,0,0,0,0,1,0,0,0,1,0,0,0,0,0,0,1
460,460,48,1,8.914760527397261,34,1,0,0,0,0,0,0,0,1,0,1,0,0,0,0,0,0,1,0,1,0
461,461,51,2,8.958540111412168,35,0,0,0,0,0,0,0,1,1,1,0,0,0,1,0,0,0,1,0,1,0
462,462,54,1,9.000483164987708,36,0,0,0,1,0,0,0,0,1,1,0,0,0,0,0,1,0,0,0,1,0
463,463,57,0,9.040737587590003,37,0,0,0,1,0,0,0,0,0,0,1,0,0,0,0,0,0,1,0,1,0
464,464,60,2,9.079434102128383,38,0,0,0,0,0,1,0,0,1,0,0,1,0,0,0,0,0,0,0,1,0
465,465,63,2,9.116688815894728,39,0,0,0,1,0,0,0,0,1,1,0,0,0,0,0,0,0,0,0,0,1
466,466,66,1,9.152605321324945,40,1,0,0,0,0,0,0,0,1,1,0,0,0,1,0,1,0,0,0,0,1
467,467,69,1,9.187276432377631,41,0,0,0,0,0,0,0,1,1,1,0,1,0,0,0,0,0,0,0,0,1
468,468,72,2,9.22078562983772,42,0,0,0,1,0,0,0,0,0,1,0,1,0,0,0,0,0,1,0,0,1
469,469,75,1,9.25320827220336,43,0,0,0,1,0,0,0,0,1,1,0,1,0,0,0,1,0,0,0,0,1
470,470,78,1,9.28461261635077,44,1,0,0,0,0,0,0,0,0,1,0,1,0,0,0,1,0,0,0,0,1
471,471,78,2,9.315060682746585,45,1,0,0,0,0,0,0,0,1,0,1,0,0,1,0,1,0,0,0,0,1
472,472,65,2,8.176110342237342,46,0,0,0,0,0,0,0,1,1,0,1,0,0,1,0,1,0,0,0,0,1
473,473,66,2,8.20685642839965,44,0,0,0,1,0,0,0,0,1,1,0,0,0,0,0,0,0,1,0,0,1
474,474,67,1,8.236685322712457,44,0,0,0,1,0,0,0,0,1,1,0,0,0,0,0,0,0,1,0,0,1
475,475,68,1,8.265650165580329,44,1,0,0,0,0,0,0,0,1,1,0,1,0,0,1,0,0,0,0,0,1
476,476,48,2,8.293799608846818,44,1,0,0,0,0,0,0,0,1,1,0,1,0,0,0,0,0,0,0,1,0
477,477,51,1,8.32117830749028,44,0,0,0,0,0,0,0,1,0,1,0,1,0,0,0,0,0,1,0,1,0
478,478,54,2,8.347827345782498,9,0,0,0,1,0,0,0,0,1,1,0,0,0,1,0,0,0,1,0,1,0
479,479,57,2,8.37378460812088,10,0,0,0,0,0,1,0,0,1,0,0,0,0,1,0,1,0,0,0,1,0
480,480,60,2,8.399085102935908,11,0,0,0,1,0,0,0,0,0,1,0,0,0,1,0,0,0,1,0,1,0
481,481,54,1,8.423761246623686,12,1,0,0,0,0,0,0,0,1,1,0,0,0,0,0,0,0,0,0,1,0
482,482,57,1,8.447843113281444,13,0,0,0,0,0,0,0,1,1,0,1,0,0,1,0,0,0,0,0,1,0
483,483,60,2,8.471358655072438,14,0,0,0,1,0,0,0,0,1,0,0,0,0,0,0,1,0,0,0,1,0
484,484,63,1,8.494333897270154,15,0,0,0,1,0,0,0,0,0,1,0,0,0,0,0,0,0,0,0,0,1
485,485,66,1,8.516793111394898,16,1,0,0,0,0,0,0,0,1,1,0,1,0,0,0,0,0,1,0,0,1
486,486,69,2,8.538758969330798,17,1,0,0,0,0,0,0,0,1,1,0,0,0,0,0,1,0,0,0,0,1
487,487,72,2,8.560252680876685,18,0,0,0,1,0,0,0,0,0,1,0,0,0,1,0,1,0,0,0,0,1
488,488,75,2,8.581294116822761,19,0,0,0,1,0,0,0,0,0,1,0,1,0,0,0,1,0,0,0,0,1
489,489,78,1,8.601901919343192,20,0,0,1,0,0,0,0,0,1,1,0,1,0,0,0,1,0,0,0,0,1
490,490,78,1,8.622093601241607,21,1,0,0,0,0,0,0,0,1,0,1,1,0,0,0,0,0,1,0,0,1
491,491,65,2,8.641885635373555,22,1,0,0,0,0,0,0,0,1,0,1,1,0,0,0,0,0,1,0,0,1
492,492,66,1,8.661293535389994,23,1,0,0,0,0,0,0,0,0,1,0,0,0,1,0,0,0,0,0,0,1
493,493,67,2,8.680331928793418,24,1,0,0,0,0,0,0,0,0,1,0,0,0,1,0,0,0,0,0,0,1
494,494,68,2,8.69901462316851,25,0,0,0,1,0,0,0,0,1,1,0,0,0,0,0,0,0,1,0,0,1
495,495,48,2,8.717354666338522,26,0,0,0,1,0,0,0,0,1,1,0,0,0,0,0,0,0,1,0,1,0
496,496,51,1,8.735364401103888,27,0,0,0,1,0,0,0,0,1,1,0,1,0,0,0,1,0,0,0,1,0
497,497,54,1,8.753055515138222,28,0,0,1,0,0,0,0,0,1,1,0,1,0,0,0,0,0,1,0,1,0
498,498,57,2,8.77043908654689,29,1,0,0,0,0,0,0,0,0,0,0,1,0,0,0,0,0,0,0,1,0
499,499,60,1,8.787525625532906,30,1,0,0,0,0,0,0,0,1,1,0,0,0,1,0,0,0,0,0,1,0
500,500,54,1,8.804325112562537,31,1,0,0,0,0,0,0,0,0,1,0,0,0,1,0,1,0,0,0,1,0
501,501,57,2,8.820847033377717,32,1,0,0,0,0,0,0,0,1,1,0,0,0,1,1,0,0,0,0,1,0
502,502,60,1,8.837100411162755,33,0,0,1,0,0,0,0,0,1,0,1,0,0,0,0,0,0,1,0,1,0
503,503,63,1,8.853093836138493,34,0,0,1,0,0,0,0,0,1,0,0,0,0,1,0,1,0,0,0,0,1
504,504,66,2,8.868835492826895,35,0,0,1,0,0,0,0,0,0,0,0,0,0,0,0,1,0,0,0,0,1
505,505,69,1,8.884333185202735,36,0,0,1,0,0,0,0,0,1,1,0,0,0,0,0,1,0,0,0,0,1
506,506,72,0,8.89959435992585,37,0,0,1,0,0,0,0,0,1,1,0,1,0,0,0,1,0,0,0,0,1
507,507,75,2,8.914626127827137,38,0,0,1,0,0,0,0,0,1,1,0,0,0,0,0,0,0,1,0,0,1
508,508,78,2,8.929435283803425,39,0,0,0,1,0,0,0,0,1,0,1,0,0,1,0,0,0,1,0,0,1
509,509,78,1,8.944028325260595,40,0,0,0,1,0,0,0,0,0,0,0,1,0,0,0,0,0,0,0,0,1
510,510,65,1,8.958411469230219,41,0,0,1,0,0,0,0,0,1,1,0,1,0,0,0,0,0,0,0,0,1
511,511,66,2,8.97259066827261,13,1,0,0,0,0,0,0,0,1,1,0,1,0,0,0,0,0,1,0,0,1
512,512,67,1,8.986571625268054,14,1,0,0,0,0,0,0,0,1,1,0,1,0,0,0,0,0,1,0,0,1
513,513,68,1,9.000359807188254,15,1,0,0,0,0,0,0,0,1,1,0,0,0,1,0,1,0,0,0,0,1
514,514,48,2,9.013960457931187,16,1,0,0,0,0,0,0,0,0,1,0,0,0,1,0,0,0,1,0,1,0
515,515,51,2,9.027378610294805,17,0,0,0,1,0,0,0,0,0,1,0,0,0,0,0,0,0,0,0,1,0
516,516,54,3,9.040619097157967,18,0,0,0,1,0,0,0,0,1,0,1,0,0,0,0,0,0,0,0,1,0
517,517,57,3,9.053686561930807,19,0,0,0,1,0,0,0,0,0,0,1,1,0,0,0,1,0,0,0,1,0
518,518,60,2,9.066585468331045,20,0,0,1,0,0,0,0,0,1,1,0,1,0,0,1,0,0,0,0,1,0
519,519,60,2,9.079320109537779,21,1,0,0,0,0,0,0,0,0,1,0,1,0,0,0,0,0,1,0,1,0
520,520,36,2,9.0918946167697,22,1,0,0,0,0,0,0,0,1,1,0,0,0,1,0,1,0,0,0,1,0
521,521,33,2,9.104312967330653,23,1,0,0,0,0,0,0,0,1,1,0,0,0,1,0,1,0,0,1,0,0
522,522,23,2,9.116578992161708,24,1,0,0,0,0,0,0,0,1,1,0,0,0,1,0,1,0,0,0,0,0
523,523,63,2,9.128696382935672,25,0,0,1,0,0,0,0,0,0,1,0,0,0,0,0,1,0,0,0,0,1
524,524,60,2,9.140668698726863,26,0,0,1,0,0,0,0,0,1,0,1,0,0,1,0,0,0,1,0,1,0
525,525,37,1,8.884887201837403,27,0,0,1,0,0,0,0,0,1,0,0,0,0,0,0,0,0,1,0,1,0
526,526,34,1,8.885855993000296,28,0,0,1,0,0,0,0,0,1,1,0,0,0,0,0,0,0,0,1,0,0
527,527,36,2,8.886823846515187,29,0,0,1,0,0,0,0,0,0,1,0,1,0,0,0,0,0,0,0,1,0
528,528,57,1,8.887790764195326,30,0,0,1,0,0,0,0,0,1,1,0,0,0,0,0,0,0,1,0,1,0
529,529,52,0,8.88875674784872,32,0,0,0,1,0,0,0,0,1,1,0,0,0,1,0,0,0,1,0,1,0
530,530,54,2,8.889721799278137,34,0,0,0,1,0,0,0,0,1,1,0,1,0,0,0,1,0,0,0,1,0
531,531,57,2,8.890685920281129,36,0,0,1,0,0,0,0,0,1,1,0,1,0,0,0,0,0,1,0,1,0
532,532,60,1,8.891649112650057,38,1,0,0,0,0,0,0,0,0,0,1,1,0,0,0,0,0,0,0,1,0
533,533,63,1,8.892611378172106,40,1,0,0,0,0,0,0,0,1,0,1,1,0,0,0,0,0,0,0,0,1
534,534,66,2,8.893572718629306,42,1,0,0,0,0,0,0,0,0,1,0,0,0,1,0,1,0,0,0,0,1
535,535,69,1,8.894533135798554,44,1,0,0,0,0,0,0,0,1,1,0,0,0,1,0,0,0,0,0,0,1
536,536,72,1,8.895492631451633,46,0,0,0,1,0,0,0,0,1,1,0,0,0,0,0,0,0,1,0,0,1
537,537,75,2,8.896451207355227,48,0,0,0,1,0,0,0,0,1,1,0,0,0,0,0,1,0,0,0,0,1
538,538,78,2,8.89740886527095,50,0,0,0,1,0,0,0,0,1,1,0,1,0,0,0,1,0,0,0,0,1
539,539,78,2,8.898365606955357,52,0,0,1,0,0,0,0,0,1,1,0,1,0,0,0,1,0,0,0,0,1
540,540,65,1,8.899321434159964,30,1,0,0,0,0,0,0,0,1,0,0,1,0,0,1,1,0,0,0,0,1
541,541,66,1,8.900276348631271,24,1,0,0,0,0,0,0,0,0,1,0,0,0,1,0,0,0,1,0,0,1
542,542,67,2,8.901230352110781,24,1,0,0,0,0,0,0,0,1,1,0,0,0,1,0,0,0,1,0,0,1
543,543,68,1,8.902183446335016,18,1,0,0,0,0,0,0,0,1,1,0,0,0,1,0,0,0,0,0,0,1
544,544,48,2,8.903135633035538,18,0,0,1,0,0,0,0,0,0,0,1,0,0,0,0,0,0,0,0,1,0
545,545,51,2,8.904086913938967,8,0,0,1,0,0,0,0,0,1,1,0,0,0,1,0,0,0,1,0,1,0
546,546,54,2,8.905037290767,12,0,0,1,0,0,0,0,0,1,1,0,0,0,0,0,0,0,1,0,1,0
547,547,57,1,8.90598676523643,24,0,0,1,0,0,0,0,0,1,0,1,0,0,0,0,1,0,0,0,1,0
548,548,60,1,8.906935339059165,36,0,0,1,0,0,0,0,0,0,0,0,1,0,0,0,0,0,1,0,1,0
549,549,63,2,8.907883013942248,6,0,0,1,0,0,0,0,0,1,1,0,0,0,0,0,0,0,0,0,0,1
550,550,60,1,8.908829791587868,24,0,0,0,1,0,0,0,0,1,1,0,0,0,1,0,0,0,0,0,1,0
551,551,37,1,8.909775673693389,18,0,0,0,1,0,0,0,0,0,1,0,1,0,0,0,1,0,0,0,1,0
552,552,34,2,8.910720661951359,60,0,0,1,0,0,0,0,0,0,1,0,1,0,0,0,0,0,0,1,0,0
553,553,36,2,8.911664758049536,48,1,0,0,0,0,0,0,0,1,1,0,1,0,0,0,0,0,1,0,1,0
554,554,57,2,8.9126079636709,24,1,0,0,0,0,0,0,0,1,1,0,1,0,0,0,1,0,0,0,1,0
555,555,52,1,8.913550280493675,24,1,0,0,0,0,0,0,0,1,0,1,0,0,1,0,1,0,0,0,1,0
556,556,39,1,8.914491710191342,24,0,0,0,1,0,0,0,0,0,0,1,0,0,1,0,1,0,0,0,1,0
557,557,43,2,8.915432254432663,18,0,0,0,1,0,0,0,0,0,1,0,0,0,0,0,1,0,0,0,1,0
558,558,44,1,8.916371914881694,18,0,0,1,0,0,0,0,0,1,1,0,0,0,0,0,0,0,1,0,1,0
559,559,47,2,8.917310693197807,8,1,0,0,0,0,0,0,0,1,1,0,1,0,0,0,0,0,1,0,1,0
560,560,34,2,8.918248591035702,12,1,0,0,0,0,0,0,0,1,1,0,1,0,0,0,0,0,0,1,0,0
561,561,25,2,8.91918561004543,24,1,0,0,0,0,0,0,0,1,1,0,1,0,0,0,0,0,1,0,0,0
562,562,41,1,8.920121751872404,36,1,0,0,0,0,0,0,0,0,1,0,0,0,1,0,1,0,0,0,1,0
563,563,45,1,8.921057018157429,6,0,0,0,1,0,0,0,0,1,0,0,0,0,1,1,0,0,1,0,1,0
564,564,46,2,8.921991410536698,24,0,0,0,1,0,0,0,0,0,1,0,0,0,1,1,0,0,0,0,1,0
565,565,20,1,8.922924930641832,18,0,0,0,1,0,0,0,0,1,1,0,0,0,0,1,0,0,0,0,0,0
566,566,55,2,8.923857580099885,60,0,0,1,0,0,0,0,0,1,1,0,0,0,1,0,1,0,0,0,1,0
567,567,74,2,8.924789360533357,48,1,0,0,0,0,0,0,0,1,0,1,0,0,0,0,0,0,0,0,0,1
568,568,29,1,8.925720273560222,24,1,0,0,0,0,0,0,0,0,0,0,0,0,0,0,0,0,1,1,0,0
569,569,36,1,8.92665032079394,6,1,0,0,0,0,0,0,0,1,1,0,1,0,0,0,1,0,0,0,1,0
570,570,33,2,8.92757950384347,24,1,0,0,0,0,0,0,0,1,1,0,0,0,0,0,1,0,0,1,0,0
571,571,47,1,8.928507824313293,18,0,0,1,0,0,0,0,0,1,1,0,0,0,1,0,1,0,0,0,1,0
572,572,49,1,8.929435283803425,60,0,0,1,0,0,0,0,0,1,1,0,1,0,0,0,1,0,0,0,1,0
573,573,51,2,8.930361883909434,48,0,0,1,0,0,0,0,0,0,1,0,1,0,0,0,0,0,1,0,1,0
574,574,53,2,8.931287626222456,24,0,0,1,0,0,0,0,0,1,1,0,1,0,0,0,0,0,1,0,1,0
575,575,27,1,8.200562797008564,15,0,0,1,0,0,0,0,0,0,1,0,0,0,0,0,0,0,0,1,0,0
576,576,28,3,8.354438940114811,30,0,0,1,0,0,0,0,0,1,1,0,0,0,0,1,0,0,0,1,0,0
577,577,32,2,7.569411792450712,24,0,0,0,0,0,1,0,0,1,1,0,0,0,0,1,0,0,1,1,0,0
578,578,34,3,7.975908360165538,24,1,0,0,0,0,0,0,0,1,0,0,0,0,0,0,0,0,0,1,0,0
579,579,28,2,7.88570539124302,18,0,0,0,1,0,0,0,0,1,1,0,0,0,1,0,0,0,0,1,0,0
580,580,36,2,6.93537044601511,18,1,0,0,0,0,0,0,0,0,1,0,0,0,0,0,0,0,0,0,1,0
581,581,39,1,8.130942302231878,8,1,0,0,0,0,0,0,0,1,1,0,0,0,0,0,0,0,0,0,1,0
582,582,49,2,8.665785595466064,12,0,0,0,1,0,0,0,0,1,0,1,0,0,0,0,0,0,0,0,1,0
583,583,34,2,7.329749689041512,24,1,0,0,0,0,0,0,0,0,1,0,0,0,1,0,0,0,0,1,0,0
584,584,31,2,8.405814603432848,36,0,0,0,0,0,1,0,0,1,1,0,0,0,0,0,0,0,1,1,0,0
585,585,28,2,6.97354301952014,6,0,0,0,0,0,1,0,0,1,1,0,0,0,0,0,1,0,0,1,0,0
586,586,75,3,8.797095076549056,24,1,0,0,0,0,0,0,0,1,0,0,0,0,0,0,0,0,0,0,0,1
587,587,30,2,7.530479995245536,18,0,0,1,0,0,0,0,0,0,1,0,1,0,0,1,0,0,0,1,0,0
588,588,24,3,8.910315776326016,60,1,0,0,0,0,0,0,0,0,1,0,1,0,0,1,1,0,0,0,0,0
589,589,24,1,9.357897936333798,48,1,0,0,0,0,0,0,0,0,0,1,1,0,0,1,0,0,0,0,0,0
590,590,23,2,8.32117830749028,24,0,0,0,1,0,0,0,0,1,0,1,0,0,0,1,0,0,0,0,0,0
591,591,44,3,8.126813720726114,6,0,0,0,1,0,0,0,0,1,0,1,0,0,0,1,0,0,0,0,1,0
592,592,23,1,7.650168700845001,13,0,0,0,0,0,1,0,0,0,1,0,0,0,0,0,1,0,0,0,0,0
593,593,24,2,7.150701457592526,15,0,1,0,0,0,0,0,0,0,0,1,0,0,0,1,0,0,0,0,0,0
594,594,28,2,8.335431477880796,24,0,0,0,1,0,0,0,0,1,1,0,0,0,0,0,0,0,0,1,0,0
595,595,31,1,7.327123292259293,10,0,0,0,1,0,0,0,0,1,1,0,0,0,0,0,1,0,0,1,0,0
596,596,24,2,8.655737000864297,24,0,0,1,0,0,0,0,0,0,0,0,0,0,0,0,1,0,0,0,0,0
597,597,26,1,8.188411308079031,21,0,0,0,1,0,0,0,0,0,0,1,0,0,0,0,0,0,0,1,0,0
598,598,25,2,8.074960359115858,18,0,0,0,0,0,1,0,0,1,0,1,0,1,0,0,1,0,0,0,0,0
599,599,33,3,8.398184404834035,18,0,0,0,0,0,0,0,0,1,1,0,0,0,0,0,1,0,0,1,0,0
600,600,37,1,8.28121766128665,10,1,0,0,0,0,0,0,0,1,1,0,0,0,0,0,0,0,1,0,1,0
601,601,43,1,7.285506548522785,15,0,0,0,0,0,1,0,0,0,1,0,0,0,0,0,0,0,0,0,1,0
602,602,23,2,6.782192056006791,13,0,0,0,0,0,1,0,0,1,1,0,0,0,0,0,1,0,0,0,0,0
603,603,23,0,8.231642179973411,24,0,0,0,0,0,1,0,0,0,0,1,0,1,0,0,1,0,0,0,0,0
604,604,34,1,7.463363045520021,6,0,0,0,0,0,0,0,0,1,1,0,1,0,0,0,0,0,0,1,0,0
605,605,32,2,7.035268599281097,9,0,0,1,0,0,0,0,0,1,0,0,0,0,1,1,1,0,0,1,0,0
606,606,23,2,7.119635638017636,9,0,1,0,0,0,0,0,0,0,0,1,0,0,0,0,0,0,0,0,0,0
607,607,29,2,6.8658910748834385,9,0,0,0,1,0,0,0,0,0,1,0,0,0,0,1,1,0,0,1,0,0
608,608,38,3,8.079927770758275,18,1,0,0,0,0,0,0,0,1,1,0,0,0,0,0,0,0,0,0,1,0
609,609,28,2,8.73214326770192,12,0,0,0,0,0,1,0,0,1,0,1,0,0,0,1,0,0,0,1,0,0
610,610,46,2,6.588926477533519,10,0,0,1,0,0,0,0,0,1,0,0,0,1,0,0,0,0,0,0,1,0
611,611,23,1,7.1276936993473985,24,1,0,0,0,0,0,0,0,1,1,0,0,0,0,1,1,0,0,0,0,0
612,612,49,2,7.754052639035757,12,0,0,0,0,0,1,0,0,1,1,0,0,0,0,0,0,0,0,0,1,0
613,613,26,3,8.40357646462927,36,0,0,0,0,0,1,0,0,1,1,0,0,0,0,1,0,0,0,1,0,0
614,614,28,2,6.654152520183219,12,0,0,0,0,0,1,0,0,1,1,0,0,0,0,0,0,0,0,1,0,0
615,615,23,2,7.785720896534624,30,0,0,0,1,0,0,0,0,0,0,1,0,0,0,1,0,0,0,0,0,0
616,616,61,2,7.122059881629142,18,0,0,1,0,0,0,0,0,1,0,0,0,0,0,0,1,0,0,0,0,1
617,617,37,3,8.131236549696116,12,0,0,0,0,0,1,0,0,1,1,0,0,0,0,0,0,0,1,0,1,0
618,618,36,2,7.717351272185329,12,1,0,0,0,0,0,0,0,0,1,0,0,0,0,0,0,0,1,0,1,0
619,619,21,2,7.476472381163905,6,0,0,0,1,0,0,0,0,1,0,1,0,0,0,0,0,0,0,0,0,0
620,620,25,0,7.813187267521416,18,0,0,0,1,0,0,0,0,1,1,0,0,0,0,1,0,0,0,0,0,0
621,621,36,2,7.340835554123275,12,0,0,0,0,0,0,0,0,1,1,0,0,0,0,0,0,0,0,0,1,0
622,622,27,2,8.25582842728183,18,1,0,0,0,0,0,0,0,1,1,0,0,0,0,0,0,0,0,1,0,0
623,623,22,2,8.202482446576537,18,0,0,0,1,0,0,0,0,0,0,1,0,0,0,0,0,0,0,0,0,0
624,624,42,2,8.144969417087875,36,0,0,0,1,0,0,0,0,1,1,0,0,0,0,1,0,0,0,0,1,0
625,625,40,2,8.006700845440367,18,0,0,0,1,0,0,0,0,0,0,1,0,0,0,0,1,0,0,0,1,0
626,626,36,2,8.0323601479245,36,1,0,0,0,0,0,0,0,1,1,0,0,0,0,0,0,0,0,0,1,0
627,627,33,2,8.711113884053544,18,0,0,0,0,0,1,0,0,1,1,0,0,0,0,0,0,0,0,1,0,0
628,628,23,2,7.671360923190644,10,0,0,0,1,0,0,0,0,0,0,1,0,0,0,0,0,0,0,0,0,0
629,629,63,3,9.529230371552156,60,1,0,0,0,0,0,0,0,1,0,0,0,0,0,0,0,0,0,0,0,1
630,630,60,3,9.601165503344832,60,0,0,0,0,0,0,0,1,0,0,0,1,0,0,1,1,0,0,0,1,0
631,631,37,2,8.947025655972697,48,0,0,0,0,0,0,0,0,0,0,1,0,0,0,1,0,0,0,0,1,0
632,632,34,2,7.749322464660356,18,0,0,0,0,0,1,0,0,1,1,0,0,0,0,0,0,0,0,1,0,0
633,633,36,2,6.740519359606223,7,0,0,0,0,0,1,0,0,1,0,0,0,0,0,0,0,0,0,0,1,0
634,634,57,3,9.56927276595613,36,1,0,0,0,0,0,0,0,1,0,0,0,0,0,1,1,0,0,0,1,0
635,635,52,1,5.8916442118257715,6,1,0,0,0,0,0,0,0,0,1,0,1,0,0,0,0,0,0,0,1,0
636,636,39,2,7.701652362642226,20,0,0,0,1,0,0,0,0,1,1,0,0,0,0,0,0,0,0,0,1,0
637,637,38,3,9.470856776355195,18,1,0,0,0,0,0,0,0,0,0,0,0,0,0,1,1,0,0,0,1,0
638,638,25,2,7.1569563646156364,22,1,0,0,0,0,0,0,0,0,0,1,0,0,0,0,0,0,0,0,0,0
639,639,26,2,7.1929342212158,12,1,0,0,0,0,0,0,0,1,1,0,0,0,0,0,0,0,1,1,0,0
640,640,26,1,8.35983738064003,30,0,0,0,0,0,0,0,0,1,1,0,1,0,0,0,0,0,0,1,0,0
641,641,25,2,7.71333788887187,18,0,0,0,0,0,1,0,0,0,1,0,0,0,0,0,0,0,0,0,0,0
642,642,21,2,7.026426808699636,18,0,0,0,0,0,1,0,0,0,0,1,0,0,0,0,0,0,0,0,0,0
643,643,40,3,8.90571557879409,18,0,0,0,1,0,0,0,0,1,1,0,0,0,0,0,1,0,0,0,1,0
644,644,27,2,7.75190533307861,15,0,0,0,0,0,0,0,0,1,1,0,0,1,0,0,1,0,0,1,0,0
645,645,27,2,7.278628942320682,9,0,0,0,0,0,0,0,0,0,1,0,0,0,0,0,0,0,0,1,0,0
646,646,30,3,7.506591780070841,18,1,0,0,0,0,0,0,0,1,1,0,0,0,0,0,0,0,0,1,0,0
647,647,19,1,6.890609120147166,12,0,0,0,1,0,0,0,0,0,0,1,0,0,1,0,1,0,0,0,0,0
648,648,39,3,8.0861025356691,36,1,0,0,0,0,0,0,0,1,0,0,0,0,0,0,0,0,0,0,1,0
649,649,31,2,7.579167967396076,6,0,0,0,0,0,1,0,0,0,1,0,0,0,0,0,0,0,0,1,0,0
650,650,31,3,7.785720896534624,9,0,0,0,1,0,0,0,0,1,1,0,0,0,0,0,0,0,0,1,0,0
651,651,32,2,9.372459221452617,39,0,0,1,0,0,0,0,0,1,0,1,1,0,0,0,1,0,0,1,0,0
652,652,55,3,7.8547691834991324,12,0,0,0,1,0,0,0,0,0,0,0,0,0,0,0,0,0,0,0,1,0
653,653,46,2,7.761319180947987,36,0,0,0,1,0,0,0,0,1,1,0,0,0,0,0,0,0,0,0,1,0
654,654,46,2,7.109062135687172,12,1,0,0,0,0,0,0,0,1,0,1,0,0,0,1,1,0,0,0,1,0
655,655,43,1,7.323830566202317,24,0,0,0,0,0,1,0,0,0,1,0,0,0,1,0,0,0,0,0,1,0
656,656,39,2,7.29505641646263,18,0,0,0,0,0,1,0,0,1,1,0,0,0,0,0,0,0,0,0,1,0
657,657,28,2,7.54274354536855,18,0,0,0,0,0,0,0,0,1,1,0,0,0,0,0,1,0,0,1,0,0
658,658,27,2,9.065083359319043,24,0,0,0,0,0,0,0,0,1,1,0,0,0,0,1,0,0,0,1,0,0
659,659,27,1,6.687108607866515,14,1,0,0,0,0,0,0,0,1,1,0,0,0,0,0,0,0,0,1,0,0
660,660,43,2,7.972121128921655,18,1,0,0,0,0,0,0,0,1,1,0,0,0,0,0,1,0,0,0,1,0
661,661,22,2,7.620214770574455,24,0,0,0,0,0,1,0,0,1,1,0,0,0,0,1,1,0,0,0,0,0
662,662,43,2,7.69484807238461,24,1,0,0,0,0,0,0,0,1,1,0,0,0,0,0,0,0,0,0,1,0
663,663,27,2,6.959398512133975,15,0,0,0,0,0,1,0,0,1,1,0,0,0,0,0,0,0,0,1,0,0
664,664,26,3,8.081784206935001,24,0,0,0,0,0,1,0,0,1,1,0,0,1,0,0,0,0,0,1,0,0
665,665,28,2,6.844815479208263,12,1,0,0,0,0,0,0,0,1,1,0,0,1,0,1,0,0,1,1,0,0
666,666,20,2,7.584264818389059,24,0,0,0,0,0,1,0,0,0,1,0,0,0,0,0,1,0,0,0,0,0
667,667,35,3,8.889170455363413,33,1,0,0,0,0,0,0,0,1,1,0,0,0,0,0,0,0,0,1,0,0
668,668,42,3,7.73718007783463,12,0,0,0,0,0,0,0,0,1,1,0,0,0,0,1,0,0,0,0,1,0
669,669,40,1,7.3758821482150125,10,1,0,0,0,0,0,0,0,1,0,1,0,1,0,0,0,0,0,0,1,0
670,670,35,2,7.2305631534092925,24,1,0,0,0,0,0,0,0,0,1,0,0,0,0,1,0,0,0,1,0,0
671,671,35,2,8.672828482947686,36,1,0,0,0,0,0,0,0,1,1,0,0,0,0,0,0,0,0,1,0,0
672,672,33,1,7.8551570058813445,12,1,0,0,0,0,0,0,0,1,1,0,0,0,0,1,0,0,0,1,0,0
673,673,23,2,9.044403844431551,18,0,0,1,0,0,0,0,0,0,0,1,0,0,0,0,0,0,0,0,0,0
674,674,31,3,7.930925372483388,21,1,0,0,0,0,0,0,0,0,1,0,0,1,0,0,0,0,0,1,0,0
675,675,33,2,6.948897222313312,18,1,0,0,0,0,0,0,0,0,1,0,0,0,0,1,1,0,0,1,0,0
676,676,20,2,8.066521490469993,15,1,0,0,0,0,0,0,0,0,0,1,0,0,1,0,0,0,0,0,0,0
677,677,30,2,7.614805364711073,12,1,0,0,0,0,0,0,0,1,1,0,0,0,0,0,1,0,0,1,0,0
678,678,47,1,6.86484777797086,12,1,0,0,0,0,0,0,0,1,1,0,0,0,0,0,1,0,0,0,1,0
679,679,34,3,7.372118028337787,21,0,0,0,1,0,0,0,0,1,1,0,1,0,0,0,0,0,0,1,0,0
680,680,25,2,7.923710333969238,12,0,0,0,1,0,0,0,0,0,1,0,0,0,0,1,1,0,0,0,0,0
681,681,21,2,7.929846429742503,18,1,0,0,0,0,0,0,0,1,0,1,0,0,0,0,1,0,0,0,0,0
682,682,29,2,7.916807490937603,28,0,0,0,0,0,1,0,0,1,1,0,0,0,0,0,0,0,0,1,0,0
683,683,46,2,7.046647277848756,18,0,0,0,0,0,1,0,0,1,1,0,0,0,1,0,0,0,0,0,1,0
684,684,20,2,7.180069874302796,9,0,0,0,1,0,0,0,0,1,1,0,0,0,0,0,0,0,0,0,0,0
685,685,55,0,7.081708586105575,18,0,0,0,0,0,0,1,0,0,0,0,0,0,0,1,0,0,0,0,1,0
686,686,74,1,8.145549631783584,5,0,0,0,0,0,0,0,0,1,1,0,0,0,0,0,0,0,0,0,0,1
687,687,29,3,9.3350328159335,24,0,0,0,0,0,0,0,1,1,1,0,0,0,0,1,1,0,0,1,0,0
688,688,36,3,7.534762657037537,6,0,0,0,1,0,0,0,0,1,0,0,0,0,0,0,0,0,0,0,1,0
689,689,33,2,7.629489916393995,24,0,0,0,0,0,0,1,0,1,1,0,0,0,0,0,0,0,0,1,0,0
690,690,25,2,7.666690200080086,9,0,0,0,1,0,0,0,0,1,1,0,0,0,0,0,0,0,0,0,0,0
691,691,25,2,7.302496423727326,12,0,0,0,0,0,1,0,0,1,1,0,0,0,0,1,1,0,0,0,0,0
692,692,23,1,6.492239835020471,6,0,0,0,0,0,0,1,0,1,0,1,0,1,0,0,0,0,0,0,0,0
693,693,37,2,7.160069207596127,24,1,0,0,0,0,0,0,0,0,1,0,0,0,1,0,0,0,0,0,1,0
694,694,65,0,8.129764445794171,42,0,0,0,0,0,0,1,0,1,1,0,0,0,0,0,0,0,0,0,0,1
695,695,26,0,6.411818267709897,12,0,0,0,0,0,0,0,0,0,1,0,0,0,0,1,0,0,1,1,0,0
696,696,39,3,7.5411524551363085,12,1,0,0,0,0,0,0,0,1,1,0,0,0,0,0,0,0,0,0,1,0
697,697,30,2,7.3901814282264295,12,0,0,0,1,0,0,0,0,0,1,0,0,0,0,0,0,0,0,1,0,0
698,698,29,2,7.874358824729881,20,0,0,0,0,0,0,0,1,1,1,0,0,0,0,0,1,0,0,1,0,0
699,699,41,1,6.577861357721047,12,0,0,1,0,0,0,0,0,1,1,0,0,0,0,1,0,0,0,0,1,0
700,700,30,3,8.536211197252,48,0,0,0,1,0,0,0,0,0,1,0,0,0,0,1,1,0,0,1,0,0
701,701,41,1,7.126087273299125,9,0,0,1,0,0,0,0,0,0,0,1,0,0,0,0,0,0,0,0,1,0
702,702,34,2,7.518607216815252,36,1,0,0,0,0,0,0,0,0,1,0,0,0,0,1,0,0,0,1,0,0
703,703,35,2,7.853993087224244,7,0,0,0,0,0,1,0,0,1,1,0,0,0,0,0,1,0,0,1,0,0
704,704,55,3,7.261225091971921,12,0,0,0,1,0,0,0,0,0,1,0,0,0,0,0,0,0,1,0,1,0
705,705,61,2,7.321188556739478,15,0,0,0,0,0,0,1,0,1,1,0,0,0,1,1,1,0,0,0,0,1
706,706,30,3,9.310547632393208,36,1,0,0,0,0,0,0,0,1,1,0,0,0,0,0,0,0,0,1,0,0
707,707,29,2,6.249975242259483,6,0,0,0,0,0,1,0,0,0,1,0,0,0,0,0,0,0,0,1,0,0
708,708,34,2,7.922623574217286,12,0,0,0,1,0,0,0,0,1,1,0,0,0,0,0,0,0,0,1,0,0
709,709,35,3,7.8898337513942955,24,1,0,0,0,0,0,0,0,1,1,0,0,0,0,0,0,0,0,1,0,0
710,710,31,2,8.479906606630221,24,1,0,0,0,0,0,0,0,1,1,0,0,0,0,1,0,0,0,1,0,0
711,711,29,3,7.893198869544609,24,1,0,0,0,0,0,0,0,0,1,0,0,0,0,0,0,0,0,1,0,0
712,712,36,2,8.270013062273787,11,1,0,0,0,0,0,0,0,1,0,1,0,0,0,0,0,0,0,0,1,0
713,713,35,2,8.12740456269308,12,1,0,0,0,0,0,0,0,1,0,0,0,0,0,1,0,0,0,1,0,0
714,714,27,2,5.8377304471659395,6,0,1,0,0,0,0,0,0,0,1,0,0,0,0,0,0,0,0,1,0,0
715,715,32,2,8.432506383249043,18,0,0,0,0,0,1,0,0,1,1,0,0,0,0,0,0,0,0,1,0,0
716,716,37,2,8.194229304819817,36,0,0,0,1,0,0,0,0,1,1,0,0,0,0,0,0,0,0,0,1,0
717,717,36,2,7.450660796211539,15,1,0,0,0,0,0,0,0,1,1,0,0,0,0,0,0,0,0,0,1,0
718,718,34,3,8.012018239159062,12,0,0,0,1,0,0,0,0,0,0,1,0,0,0,0,1,0,0,1,0,0
719,719,38,2,6.625392368007956,12,0,0,1,0,0,0,0,0,1,1,0,0,0,0,0,1,0,0,0,1,0
720,720,34,2,7.575584651557793,18,0,0,0,0,0,0,0,0,1,1,0,0,0,0,0,0,0,0,1,0,0
721,721,63,2,7.980707820869669,24,1,0,0,0,0,0,0,0,1,1,0,0,0,0,0,0,0,0,0,0,1
722,722,29,1,7.413970290190444,24,0,0,0,0,0,1,0,0,0,0,1,0,0,0,1,0,0,0,1,0,0
723,723,32,2,8.887100204123687,48,0,0,0,0,0,1,0,0,1,1,0,0,0,0,0,0,0,0,1,0,0
724,724,26,2,7.92443418488756,33,0,0,0,0,0,0,0,0,0,1,0,0,0,0,0,0,0,0,1,0,0
725,725,35,1,8.450839690866216,24,1,0,0,0,0,0,0,0,1,1,0,0,0,0,0,0,0,0,1,0,0
726,726,22,2,8.036573409707312,24,0,0,0,0,0,1,0,0,1,0,1,1,0,0,1,1,0,0,0,0,0
727,727,23,2,6.104793232414985,6,0,0,1,0,0,0,0,0,0,1,0,0,0,0,1,0,0,0,0,0,0
728,728,28,1,6.483107351457199,9,1,0,0,0,0,0,0,0,1,1,0,0,0,0,1,0,0,0,1,0,0
729,729,36,3,7.121252453244542,6,0,0,1,0,0,0,0,0,1,1,0,0,0,0,0,0,0,0,0,1,0
730,730,33,2,7.126890808898808,18,0,0,0,0,0,1,0,0,1,1,0,0,0,0,1,1,0,0,1,0,0
731,731,26,2,8.043663352393944,18,0,0,0,1,0,0,0,0,0,0,1,0,0,0,1,0,0,0,1,0,0
732,732,24,2,7.851271997109883,39,1,0,0,0,0,0,0,0,1,1,0,0,1,0,0,0,0,0,0,0,0
733,733,25,2,8.54714026778419,24,0,0,0,0,0,1,0,0,1,1,0,0,0,0,0,0,0,1,0,0,0
734,734,39,1,6.9440872082295275,12,0,0,0,0,0,0,0,0,1,1,0,1,0,0,0,1,0,0,0,1,0
735,735,44,2,7.298445101508147,15,0,0,0,1,0,0,0,0,1,1,0,0,0,0,0,0,0,0,0,1,0
736,736,23,1,8.181160858023409,12,0,0,0,0,0,1,0,0,0,1,0,0,0,0,0,1,0,0,0,0,0
737,737,26,2,7.0909098220799835,24,1,0,0,0,0,0,0,0,1,1,0,0,0,0,0,1,0,0,1,0,0
738,738,57,2,8.19478163844336,30,0,0,0,1,0,0,0,0,0,0,1,0,0,1,0,0,0,0,0,1,0
739,739,30,2,6.866933284461882,15,0,0,0,1,0,0,0,0,0,1,0,0,0,1,0,0,0,0,1,0,0
740,740,44,2,7.0587581525186645,12,1,0,0,0,0,0,0,0,1,1,0,0,1,0,0,0,0,0,0,1,0
741,741,47,3,7.097548850614793,6,1,0,0,0,0,0,0,0,1,1,0,0,0,0,1,1,0,0,0,1,0
742,742,52,2,8.031710375322042,12,0,0,0,0,0,1,0,0,1,1,0,0,0,0,0,0,0,0,0,1,0
743,743,62,2,8.231376045573969,24,1,0,0,0,0,0,0,0,0,0,0,0,0,0,0,0,0,0,0,0,1
744,744,35,1,7.257002707092073,10,1,0,0,0,0,0,0,0,1,0,1,1,0,0,0,0,0,0,1,0,0
745,745,26,2,8.165647925297504,6,1,0,0,0,0,0,0,0,1,0,1,0,0,0,0,0,0,0,1,0,0
746,746,26,2,7.56734567601324,12,0,0,0,0,0,1,0,0,1,1,0,0,0,0,0,0,0,0,1,0,0
747,747,42,3,9.026177120302856,27,0,0,0,0,0,0,0,0,0,0,0,0,0,0,1,1,0,0,0,1,0
748,748,27,2,7.1204443723924875,6,0,0,0,0,0,1,0,0,0,1,0,1,0,0,0,0,0,0,1,0,0
749,749,38,2,5.908082938168931,6,0,0,0,0,0,1,0,0,1,1,0,0,0,0,0,1,0,0,0,1,0
750,750,39,1,7.660114319173928,12,1,0,0,0,0,0,0,0,1,0,1,0,0,0,0,0,0,0,0,1,0
751,751,20,2,8.005033344637111,24,0,0,0,1,0,0,0,0,1,1,0,0,0,0,1,0,0,0,0,0,0
752,752,29,3,9.108750516214549,36,0,0,0,1,0,0,0,0,1,0,1,1,0,0,1,1,0,0,1,0,0
753,753,40,2,7.368339686311381,24,0,0,0,1,0,0,0,0,1,1,0,0,0,0,0,0,0,0,0,1,0
754,754,32,1,7.170888478512505,18,0,0,0,0,0,1,0,0,1,1,0,0,0,0,0,1,0,0,1,0,0
755,755,28,2,7.187657164114956,6,1,0,0,0,0,0,0,0,1,1,0,1,0,0,0,0,0,1,1,0,0
756,756,27,2,8.046549357283078,24,1,0,0,0,0,0,0,0,0,1,0,0,0,0,1,0,0,0,1,0,0
757,757,42,2,8.61122983334262,36,1,0,0,0,0,0,0,0,1,0,0,0,0,0,0,0,0,0,0,1,0
758,758,49,2,7.026426808699636,9,0,0,0,0,0,1,0,0,1,1,0,1,0,0,0,0,0,1,0,1,0
759,759,38,2,7.103322062526113,24,0,0,0,0,0,1,0,0,1,1,0,1,0,0,1,1,0,0,0,1,0
760,760,24,2,7.095893221097532,24,1,0,0,0,0,0,0,0,0,0,1,0,0,0,1,0,0,0,0,0,0
761,761,27,1,7.1770187659099,10,1,0,0,0,0,0,0,0,1,1,0,0,0,0,1,0,0,0,1,0,0
762,762,36,2,7.7664168980196555,15,1,0,0,0,0,0,0,0,1,1,0,0,1,0,0,0,0,1,0,1,0
763,763,34,3,8.83200393125627,15,1,0,0,0,0,0,0,0,1,1,0,1,0,0,1,1,0,0,1,0,0
764,764,28,2,7.253470382684528,24,0,0,0,0,0,1,0,0,1,1,0,0,0,0,0,0,0,0,1,0,0
765,765,45,3,9.058121158998672,39,1,0,0,0,0,0,0,0,1,1,0,1,0,0,0,0,0,0,0,1,0
766,766,26,2,6.63200177739563,12,1,0,0,0,0,0,0,0,1,1,0,0,0,0,1,0,0,0,1,0,0
767,767,32,3,8.452334619067742,36,1,0,0,0,0,0,0,0,1,0,0,0,0,0,0,0,0,0,1,0,0
768,768,26,2,7.8961806086154915,15,0,0,0,0,0,0,0,0,1,0,1,0,0,0,0,0,0,1,1,0,0
769,769,20,2,6.371611847231857,12,0,0,0,0,0,1,0,0,1,0,1,0,0,0,0,1,0,0,0,0,0
770,770,54,2,7.720905251936779,24,1,0,0,0,0,0,0,0,1,1,0,0,0,0,0,0,0,0,0,1,0
771,771,37,2,6.411818267709897,6,1,0,0,0,0,0,0,0,0,1,0,0,0,0,0,0,0,0,0,1,0
772,772,40,1,7.215975002651466,6,1,0,0,0,0,0,0,0,1,1,0,0,0,0,0,0,0,0,0,1,0
773,773,23,2,8.871645667501872,36,0,0,0,1,0,0,0,0,0,0,1,0,0,0,1,0,0,0,0,0,0
774,774,43,2,7.0925737159746784,6,1,0,0,0,0,0,0,0,1,1,0,1,0,0,0,0,0,0,0,1,0
775,775,36,2,6.551080335043404,6,0,0,0,0,0,1,0,0,1,0,0,0,0,0,0,0,0,0,0,1,0
776,776,44,2,8.613775289262481,24,0,0,0,0,0,0,1,0,1,0,0,0,0,0,0,0,0,0,0,1,0
777,777,24,2,8.06777619577889,18,0,0,0,0,0,1,0,0,0,1,0,0,0,0,1,0,0,0,0,0,0
778,778,53,2,8.870522545103873,48,0,0,0,1,0,0,0,0,1,0,0,0,0,0,1,0,0,0,0,1,0
779,779,23,2,8.15708378502887,24,1,0,0,0,0,0,0,0,0,1,0,1,0,0,0,0,0,0,0,0,0
780,780,26,1,7.014814351275545,18,0,0,0,0,0,1,0,0,0,1,0,0,0,0,0,1,0,0,1,0,0
781,781,30,2,8.982937763741589,26,1,0,0,0,0,0,0,0,1,1,0,0,0,0,0,1,0,0,1,0,0
782,782,31,2,7.3343293503005365,15,0,0,1,0,0,0,0,0,0,1,0,1,0,0,0,0,0,0,1,0,0
783,783,42,1,7.315218389752975,4,0,0,0,0,0,1,0,0,1,1,0,0,0,0,0,0,0,0,0,1,0
784,784,31,2,7.741533589281828,36,0,0,0,0,0,1,0,0,1,0,1,0,0,0,1,0,0,0,1,0,0
785,785,41,1,6.495265555937008,6,1,0,0,0,0,0,0,0,1,1,0,0,0,0,0,0,0,0,0,1,0
786,786,32,2,7.728855823852543,36,0,0,1,0,0,0,0,0,1,1,0,0,0,0,0,1,0,0,1,0,0
787,787,28,2,7.875119281040293,15,1,0,0,0,0,0,0,0,0,0,1,1,0,0,1,1,0,0,1,0,0
788,788,41,2,7.315218389752975,12,1,0,0,0,0,0,0,0,1,0,1,0,0,0,0,0,0,0,0,1,0
789,789,26,2,7.1785454837637,24,0,0,0,0,0,1,0,0,1,1,0,1,0,0,0,0,0,0,1,0,0
790,790,25,2,8.040768994367578,24,0,0,0,0,0,1,0,0,1,1,0,0,0,0,0,0,0,0,0,0,0
791,791,33,2,7.7488913372555315,21,0,0,1,0,0,0,0,0,1,0,1,0,0,0,1,0,0,1,1,0,0
792,792,75,3,7.2254814727822945,6,1,0,0,0,0,0,0,0,0,1,0,0,0,0,0,0,0,0,0,0,1
793,793,37,2,8.192016914536875,18,0,0,0,1,0,0,0,0,0,1,0,0,0,0,0,1,0,0,0,1,0
794,794,42,3,8.95712413640568,48,1,0,0,0,0,0,0,0,1,0,0,0,0,0,1,0,0,0,0,1,0
795,795,45,1,8.022568946988255,18,0,0,0,1,0,0,0,0,0,1,0,0,0,0,0,0,0,1,0,1,0
796,796,23,2,7.335633981927201,12,0,0,0,0,0,1,0,0,1,0,1,0,0,0,1,1,0,0,0,0,0
797,797,60,2,7.616775808698373,24,1,0,0,0,0,0,0,0,1,0,0,0,0,0,0,0,0,0,0,1,0
798,798,31,2,8.756210091886738,30,0,0,0,1,0,0,0,0,1,1,0,0,0,0,1,0,0,0,1,0,0
799,799,34,1,7.9599745280805365,18,0,0,0,1,0,0,0,0,1,1,0,0,0,0,1,0,0,1,1,0,0
800,800,61,1,7.134890851565884,12,1,0,0,0,0,0,0,0,1,1,0,0,0,0,0,0,0,0,0,0,1
801,801,43,2,7.195187320178709,24,1,0,0,0,0,0,0,0,1,0,0,0,0,0,1,0,0,0,0,1,0
802,802,37,2,7.611842399580417,24,1,0,0,0,0,0,0,0,0,1,0,0,0,0,0,0,0,0,0,1,0
803,803,32,2,7.347299700743164,24,0,0,0,0,0,1,0,0,1,1,0,0,0,0,0,0,0,0,1,0,0
804,804,24,1,6.439350371100098,12,0,0,0,0,0,1,0,0,0,1,0,0,0,0,1,0,0,0,0,0,0
805,805,35,2,9.089076284483143,48,1,0,0,0,0,0,0,0,1,0,0,0,0,0,0,0,0,0,1,0,0
806,806,23,2,6.903747257584598,12,0,0,0,0,0,0,1,0,0,1,0,0,0,0,0,0,0,0,0,0,0
807,807,45,1,7.4673710669175595,6,0,0,0,0,0,1,0,0,1,1,0,0,1,0,0,0,0,0,0,1,0
808,808,34,2,8.85352256068954,48,0,0,0,0,0,1,0,0,1,1,0,0,0,0,1,0,0,0,1,0,0
809,809,27,2,7.598399329323964,12,1,0,0,0,0,0,0,0,1,1,0,1,0,0,0,1,0,0,1,0,0
810,810,67,3,7.089243155027514,9,0,0,1,0,0,0,0,0,0,1,0,0,0,0,0,1,0,0,0,0,1
811,811,22,2,7.193685818395112,12,0,0,0,0,0,1,0,0,1,1,0,0,0,0,1,1,0,0,0,0,0
812,812,28,2,7.731053144007127,18,1,0,0,0,0,0,0,0,0,1,0,1,0,0,1,1,0,0,1,0,0
813,813,29,2,8.517793011488205,21,1,0,0,0,0,0,0,0,0,1,0,0,0,0,1,0,0,0,1,0,0
814,814,27,2,8.17526610411206,24,0,0,0,1,0,0,0,0,1,1,0,0,0,0,1,0,0,0,1,0,0
815,815,31,1,7.564238475170491,18,0,0,0,1,0,0,0,0,1,1,0,0,0,0,1,1,0,0,1,0,0
816,816,49,2,7.994294986415977,24,1,0,0,0,0,0,0,0,1,0,0,0,0,0,0,0,0,0,0,1,0
817,817,24,1,7.343426229147367,24,0,0,0,0,0,1,0,0,1,0,1,0,0,0,1,0,0,0,0,0,0
818,818,29,2,6.52649485957079,6,0,0,0,0,0,1,0,0,0,1,0,0,0,0,0,0,0,1,1,0,0
819,819,37,2,9.424564261115739,36,1,0,0,0,0,0,0,0,1,0,0,0,0,0,1,1,0,0,0,1,0
820,820,37,3,8.457867725331422,24,0,0,0,0,0,0,0,0,1,1,0,0,0,0,0,1,0,0,0,1,0
821,821,23,2,7.347943823148687,24,0,0,0,0,0,1,0,0,0,0,1,1,0,0,0,1,0,0,0,0,0
822,822,36,2,7.22402480828583,12,1,0,0,0,0,0,0,0,1,1,0,0,0,0,1,0,0,0,0,1,0
823,823,34,2,7.8547691834991324,24,0,0,0,0,0,1,0,0,1,1,0,0,0,1,0,0,0,0,1,0,0
824,824,41,2,8.288785810426928,48,0,0,0,0,0,1,0,0,1,1,0,0,0,0,0,1,0,0,0,1,0
825,825,31,2,8.818482267274236,48,0,0,0,0,0,1,0,0,0,1,0,0,0,0,1,0,0,0,1,0,0
826,826,23,1,8.081475040137052,24,0,0,0,1,0,0,0,0,0,0,1,0,0,0,1,0,0,0,0,0,0
827,827,38,2,8.691818541575723,30,0,0,0,0,0,1,0,0,1,1,0,0,0,0,0,0,0,0,0,1,0
828,828,26,3,8.600246746551523,24,1,0,0,0,0,0,0,0,0,0,1,0,0,0,0,0,0,0,1,0,0
829,829,22,1,6.692083742506628,15,0,0,0,0,0,0,0,0,0,1,0,0,0,0,0,0,0,0,0,0,0
830,830,27,1,6.9865664594064265,9,0,0,0,0,0,1,0,0,1,1,0,0,0,0,0,1,0,0,1,0,0
831,831,24,2,7.933079771880415,15,0,0,0,1,0,0,0,0,0,1,0,0,0,0,0,0,0,0,0,0,0
832,832,27,2,7.982757702011113,12,0,0,0,0,0,1,0,0,0,1,0,0,0,0,0,1,0,0,1,0,0
833,833,33,2,7.563719668414366,24,0,0,1,0,0,0,0,0,0,1,0,0,0,0,0,0,0,0,1,0,0
834,834,27,2,7.944492163932159,36,1,0,0,0,0,0,0,0,1,1,0,0,0,0,1,1,0,0,1,0,0
835,835,27,1,6.842683282238422,24,0,0,1,0,0,0,0,0,1,1,0,0,0,0,0,0,0,0,1,0,0
836,836,30,2,6.962243464266207,18,1,0,0,0,0,0,0,0,1,1,0,0,0,0,1,1,0,0,1,0,0
837,837,49,1,8.046869510959576,12,1,0,0,0,0,0,0,0,1,1,0,0,0,0,0,1,0,0,0,1,0
838,838,26,2,7.23561914106675,9,0,0,0,1,0,0,0,0,0,0,1,0,0,0,0,0,0,0,1,0,0
839,839,33,1,7.776535028185241,36,0,0,0,0,0,0,1,0,1,0,1,0,0,0,1,1,0,0,1,0,0
840,840,52,3,7.665284718471351,12,1,0,0,0,0,0,0,0,0,0,0,0,0,0,0,0,0,0,0,1,0
841,841,20,2,7.620214770574455,18,0,0,0,1,0,0,0,0,0,0,1,0,0,0,1,0,0,0,0,0,0
842,842,36,2,7.937017489515454,9,1,0,0,0,0,0,0,0,1,0,1,0,0,0,0,0,0,0,0,1,0
843,843,21,1,7.161622002939187,12,0,0,0,1,0,0,0,0,1,1,0,0,0,0,0,0,0,0,0,0,0
844,844,47,1,7.104144092987527,18,0,1,0,0,0,0,0,0,1,1,0,0,0,0,1,0,0,0,0,1,0
845,845,60,2,7.716906135298388,12,0,0,0,1,0,0,0,0,1,1,0,0,0,0,1,0,0,0,0,1,0
846,846,58,1,5.953243334287785,12,0,0,0,0,0,1,0,0,0,1,0,0,0,0,0,0,0,0,0,1,0
847,847,42,2,7.583247524303362,24,1,0,0,0,0,0,0,0,0,0,1,0,0,0,0,1,0,0,0,1,0
848,848,36,1,7.360103972989152,21,0,0,0,0,0,0,0,0,0,1,0,0,0,1,0,0,0,0,0,1,0
849,849,20,1,7.907651594711089,24,1,0,0,0,0,0,0,0,0,0,1,0,0,0,1,1,0,0,0,0,0
850,850,40,3,7.213768308118642,24,0,0,0,0,0,0,0,1,1,1,0,0,0,0,1,0,0,0,0,1,0
851,851,32,1,6.836259277277067,6,1,0,0,0,0,0,0,0,0,1,0,1,0,0,1,1,0,0,1,0,0
852,852,23,2,7.273786317844895,24,1,0,0,0,0,0,0,0,0,0,1,0,0,0,1,0,0,0,0,0,0
853,853,36,1,8.352554369474591,24,0,0,0,0,0,0,0,0,1,1,0,0,0,0,1,1,0,0,0,1,0
854,854,31,2,7.928406026180535,18,1,0,0,0,0,0,0,0,1,1,0,0,0,0,1,0,0,0,1,0,0
855,855,32,2,8.259199362666282,24,0,0,0,0,0,0,0,0,1,0,0,0,0,0,0,0,0,0,1,0,0
856,856,45,2,7.753194269884341,7,0,0,0,0,0,1,0,0,0,1,0,0,0,0,0,1,0,0,0,1,0
857,857,30,2,6.822197390620491,9,0,0,0,1,0,0,0,0,0,1,0,0,0,0,1,1,0,0,1,0,0
858,858,34,1,7.515889085215125,24,0,0,1,0,0,0,0,0,0,0,0,0,0,0,1,1,0,0,1,0,0
859,859,28,3,8.116417072794205,36,0,0,0,1,0,0,0,0,0,1,0,0,0,0,1,0,0,0,1,0,0
860,860,23,2,7.150701457592526,10,0,0,0,1,0,0,0,0,0,1,0,0,0,0,0,0,0,1,0,0,0
861,861,22,2,7.947325027016463,24,0,0,0,1,0,0,0,0,1,1,0,0,1,0,0,0,0,0,0,0,0
862,862,74,3,8.417593826193484,24,0,0,0,0,0,0,0,0,1,1,0,0,0,0,0,0,0,0,0,0,1
863,863,50,2,7.890208213109961,36,0,0,0,0,0,1,0,0,0,0,0,1,0,0,1,1,0,0,0,1,0
864,864,33,2,7.62608275807238,18,0,0,0,0,0,1,0,0,1,1,0,0,0,0,0,0,0,0,1,0,0
865,865,45,2,7.170119543449628,15,1,0,0,0,0,0,0,0,1,0,0,0,0,0,0,0,0,0,0,1,0
866,866,22,2,6.608000625296087,12,0,1,0,0,0,0,0,0,0,1,0,1,0,0,1,0,0,0,0,0,0
867,867,48,1,7.122866658599083,10,1,0,0,0,0,0,0,0,0,0,0,1,0,0,1,0,0,1,0,1,0
868,868,29,2,8.118802996980035,21,0,0,0,0,0,1,0,0,0,1,0,0,0,1,0,0,0,0,1,0,0
869,869,22,2,8.197538739721184,24,1,0,0,0,0,0,0,0,0,0,1,0,0,0,0,0,0,0,0,0,0
870,870,22,2,7.4999765409521215,18,0,0,0,1,0,0,0,0,0,1,0,0,0,0,1,0,0,0,0,0,0
871,871,48,3,9.40951904583656,48,0,0,0,0,0,0,0,0,1,1,0,0,0,0,0,1,0,0,0,1,0
872,872,27,3,9.122273893107732,60,0,0,0,0,0,1,0,0,1,0,0,0,0,0,0,1,0,0,1,0,0
873,873,37,2,8.209580483475577,6,1,0,0,0,0,0,0,0,1,0,1,0,0,0,0,0,0,0,0,1,0
874,874,21,2,8.14351740579748,30,0,0,0,1,0,0,0,0,0,0,1,1,0,0,1,1,0,0,0,0,0
875,875,49,1,6.461468176353717,12,1,0,0,0,0,0,0,0,1,1,0,0,0,0,0,0,0,0,0,1,0
876,876,27,2,8.20303024171486,21,0,0,0,0,0,0,0,0,1,1,0,0,0,0,0,1,0,0,1,0,0
877,877,32,2,7.333023014386481,18,1,0,0,0,0,0,0,0,1,1,0,0,0,0,1,0,0,0,1,0,0
878,878,38,2,8.272315147956022,48,0,0,0,0,0,0,0,0,1,1,0,0,0,0,1,0,0,0,0,1,0
879,879,22,2,7.527255919373784,12,0,0,0,1,0,0,0,0,0,0,1,0,0,0,0,0,0,0,0,0,0
880,880,65,2,7.8632667240095735,18,0,0,0,0,0,1,0,0,1,0,0,0,0,0,1,0,0,0,0,0,1
881,881,35,2,7.590346945602565,15,0,0,0,0,0,1,0,0,1,1,0,0,0,0,0,0,0,0,1,0,0
882,882,41,2,7.65728279297819,6,0,0,0,1,0,0,0,0,1,1,0,0,0,0,0,0,0,1,0,1,0
883,883,29,2,7.270312886079025,9,1,0,0,0,0,0,0,0,1,1,0,1,0,0,1,1,0,0,1,0,0
884,884,36,2,8.304494897963567,42,0,0,0,1,0,0,0,0,1,1,0,0,1,0,0,0,0,0,0,1,0
885,885,64,1,8.251142139090751,9,0,0,1,0,0,0,0,0,1,1,0,0,0,0,0,0,0,0,0,0,1
886,886,28,2,8.205218426395412,24,0,0,0,0,0,1,0,0,0,1,0,0,0,0,0,0,0,0,1,0,0
887,887,44,2,7.347943823148687,18,0,0,0,1,0,0,0,0,1,1,0,0,0,0,1,0,0,0,0,1,0
888,888,23,2,7.275172319452771,15,0,0,0,0,0,1,0,0,1,1,0,0,0,0,0,1,0,0,0,0,0
889,889,19,2,7.590852123688581,9,0,0,0,1,0,0,0,0,0,0,1,0,0,0,1,0,0,0,0,0,0
890,890,25,1,7.2115567333138015,24,1,0,0,0,0,0,0,0,0,1,0,0,0,0,1,1,0,0,0,0,0
891,891,47,2,7.239214973779806,12,0,0,1,0,0,0,0,0,1,1,0,0,0,0,0,0,0,0,0,1,0
892,892,28,2,7.226936018493289,24,0,0,0,0,0,1,0,0,0,1,0,0,1,0,0,0,0,0,1,0,0
893,893,21,2,9.658417870888224,60,0,0,0,0,0,1,0,0,1,1,0,0,0,0,0,0,0,0,0,0,0
894,894,34,2,7.30854279753919,12,0,0,0,0,0,1,0,0,0,1,0,0,0,0,0,0,0,0,1,0,0
895,895,26,2,8.382518288089635,42,0,0,0,0,0,1,0,0,1,1,0,0,0,0,1,0,0,0,1,0,0
896,896,27,0,6.620073206530356,18,0,0,1,0,0,0,0,0,0,1,0,0,0,0,1,0,0,0,1,0,0
897,897,38,1,7.176254532017144,15,0,0,0,0,0,0,1,0,1,1,0,0,0,0,0,1,0,0,0,1,0
898,898,40,3,8.438799123988225,15,0,0,1,0,0,0,0,0,1,1,0,1,0,0,1,0,0,0,0,1,0
899,899,33,2,7.523481312573497,24,0,0,0,0,0,1,0,0,1,1,0,0,0,0,0,0,0,0,1,0,0
900,900,32,3,7.539027055823995,18,0,0,0,0,0,1,0,0,1,1,0,0,0,0,0,0,0,0,1,0,0
901,901,27,2,8.984693690443855,36,0,0,0,0,0,0,0,0,1,0,1,0,0,0,1,0,0,0,1,0,0
902,902,32,2,8.430109084509125,30,0,0,0,1,0,0,0,0,1,1,0,0,0,0,0,0,0,0,1,0,0
903,903,26,2,7.234177179749849,12,1,0,0,0,0,0,0,0,0,1,0,0,1,0,1,0,0,0,1,0,0
904,904,38,2,6.853299093186078,24,1,0,0,0,0,0,0,0,1,0,0,0,0,0,1,0,0,1,0,1,0
905,905,40,1,6.52795791762255,12,0,0,1,0,0,0,0,0,1,0,1,0,0,0,1,0,0,0,0,1,0
906,906,50,3,8.919453168575453,48,0,0,1,0,0,0,0,0,1,0,0,0,0,0,0,0,0,0,0,1,0
907,907,37,1,7.561121589530238,12,0,0,0,1,0,0,0,0,1,1,0,0,0,0,1,1,0,0,0,1,0
908,908,45,2,7.741967899820685,24,1,0,0,0,0,0,0,0,1,1,0,0,0,0,1,0,0,0,0,1,0
909,909,42,3,8.997889450200717,36,1,0,0,0,0,0,0,0,1,1,0,1,0,0,1,1,0,0,0,1,0
910,910,35,2,7.76046702921342,24,1,0,0,0,0,0,0,0,1,1,0,0,0,0,0,0,0,0,1,0,0
911,911,22,2,8.287276755814599,14,1,0,0,0,0,0,0,0,1,0,0,0,0,0,0,0,0,0,0,0,0
912,912,41,1,6.78897174299217,12,1,0,0,0,0,0,0,0,1,1,0,0,0,0,1,1,0,0,0,1,0
913,913,37,2,9.232297539328226,48,0,0,0,0,0,1,0,0,1,1,0,0,0,0,0,0,0,0,0,1,0
914,914,28,2,8.347827345782498,30,0,0,0,0,0,0,0,0,0,1,0,0,0,0,0,1,0,0,1,0,0
915,915,41,2,8.757940876678804,18,0,0,0,1,0,0,0,0,1,1,0,0,0,0,0,1,0,0,0,1,0
916,916,23,2,7.167809184316444,12,0,0,0,0,0,1,0,0,1,0,1,0,0,0,0,0,0,1,0,0,0
917,917,23,2,6.802394763324311,12,1,0,0,0,0,0,0,0,1,1,0,0,0,0,1,0,0,0,0,0,0
918,918,50,2,7.714677473800927,21,0,0,0,1,0,0,0,0,1,1,0,0,0,0,0,0,0,0,0,1,0
919,919,35,3,6.956545443151569,6,0,0,0,1,0,0,0,0,1,1,0,0,0,0,0,1,0,0,1,0,0
920,920,50,1,6.953684210870537,6,0,0,1,0,0,0,0,0,0,1,0,0,0,0,0,0,0,1,0,1,0
921,921,27,3,8.750524669117937,24,0,0,0,0,0,0,0,1,1,1,0,0,0,0,0,0,0,0,1,0,0
922,922,34,2,8.159374736775426,30,0,0,0,1,0,0,0,0,1,1,0,0,0,1,0,1,0,0,1,0,0
923,923,27,2,8.19118600464279,48,0,0,0,0,0,0,0,0,0,1,0,0,0,0,0,0,0,0,1,0,0
924,924,43,2,8.48528964240323,12,1,0,0,0,0,0,0,0,1,0,1,0,0,0,1,0,0,0,0,1,0
925,925,47,2,8.012018239159062,30,0,0,0,0,0,1,0,0,1,1,0,0,0,0,0,0,0,1,0,1,0
926,926,27,1,8.328209491748732,24,0,0,0,0,0,0,0,0,1,1,0,1,0,0,0,0,0,0,1,0,0
927,927,31,2,8.655562860681009,36,0,0,0,0,0,0,0,0,1,1,0,1,0,0,0,0,0,0,1,0,0
928,928,42,3,9.246286498749653,60,1,0,0,0,0,0,0,0,1,1,0,0,0,0,0,0,0,0,0,1,0
929,929,24,2,7.640123172695364,6,1,0,0,0,0,0,0,0,1,1,0,0,1,0,0,0,0,0,0,0,0
930,930,41,1,7.855544677915663,21,0,0,0,0,0,0,0,0,1,1,0,0,1,0,1,0,0,0,0,1,0
931,931,26,3,8.41847721847708,30,0,0,0,0,0,1,0,0,0,0,1,0,0,0,0,0,0,0,1,0,0
932,932,33,2,8.546751993657782,24,0,0,0,1,0,0,0,0,1,1,0,0,0,0,0,0,0,0,1,0,0
933,933,24,2,8.629628620746026,72,0,0,0,0,0,1,0,0,1,1,0,1,0,0,1,1,0,0,0,0,0
934,934,64,1,7.776535028185241,24,0,0,0,0,0,1,0,0,1,0,1,0,0,0,0,0,0,0,0,0,1
935,935,26,2,7.2813856635702825,18,0,0,0,0,0,1,0,0,0,1,0,0,0,0,0,0,0,0,1,0,0
936,936,56,2,7.338238150065589,6,0,0,1,0,0,0,0,0,0,1,0,0,0,0,0,0,0,0,0,1,0
937,937,37,2,7.731492029245684,12,0,0,0,0,0,1,0,0,1,0,0,0,0,0,0,0,0,0,0,1,0
938,938,33,2,7.298445101508147,15,0,0,0,0,0,1,0,0,1,1,0,0,0,0,0,0,0,0,1,0,0
939,939,47,2,8.537583881063972,24,0,0,0,0,0,1,0,0,1,0,0,0,0,0,0,0,0,0,0,1,0
940,940,31,1,9.19593714166544,36,0,0,0,0,0,0,0,0,1,1,0,1,0,0,0,1,0,0,1,0,0
941,941,34,2,8.783702698635217,60,1,0,0,0,0,0,0,0,1,0,0,0,0,0,0,0,0,0,1,0,0
942,942,27,2,7.205635176410364,10,0,0,0,0,0,1,0,0,1,1,0,0,0,0,0,0,0,1,1,0,0
943,943,30,2,7.959275960116396,36,1,0,0,0,0,0,0,0,1,0,0,1,0,0,0,1,0,0,1,0,0
944,944,35,2,7.920446505142607,9,0,0,0,0,0,1,0,0,1,1,0,1,0,0,0,0,0,0,1,0,0
945,945,31,2,8.202756381655638,12,1,0,0,0,0,0,0,0,1,1,0,0,0,1,0,0,0,0,1,0,0
946,946,25,2,6.882437470997847,15,0,0,0,1,0,0,0,0,1,1,0,0,0,0,0,0,0,0,0,0,0
947,947,25,1,7.875119281040293,15,0,0,0,0,0,0,1,0,0,1,0,1,0,0,0,1,0,0,0,0,0
948,948,29,2,7.971085753505607,24,0,0,0,0,0,1,0,0,1,1,0,1,0,0,0,1,0,0,1,0,0
949,949,44,1,8.458716261657262,6,1,0,0,0,0,0,0,0,1,1,0,0,0,0,0,0,0,0,0,1,0
950,950,28,2,7.7336835707759,24,0,0,0,0,0,1,0,0,1,1,0,0,0,0,0,0,0,0,1,0,0
951,951,50,2,7.119635638017636,6,1,0,0,0,0,0,0,0,1,0,1,0,1,0,0,0,0,0,0,1,0
952,952,29,2,7.005789019253503,12,0,0,0,0,0,1,0,0,1,1,0,0,0,0,0,1,0,0,1,0,0
953,953,38,0,6.8308742346461795,12,1,0,0,0,0,0,0,0,0,1,0,0,0,0,0,0,0,0,0,1,0
954,954,24,2,7.495541943884256,18,0,0,0,0,0,1,0,0,1,1,0,0,0,0,0,0,0,0,0,0,0
955,955,40,3,7.552237287560802,15,0,0,1,0,0,0,0,0,1,0,1,0,0,0,0,0,0,1,0,1,0
956,956,29,1,7.023758954738443,12,0,0,0,1,0,0,0,0,0,0,1,0,1,0,1,0,0,0,1,0,0
957,957,46,2,8.753213480544126,48,1,0,0,0,0,0,0,0,1,0,0,0,0,0,1,0,0,0,0,1,0
958,958,47,2,7.227662498728654,24,0,0,0,0,0,1,0,0,0,0,0,1,0,0,0,0,0,1,0,1,0
959,959,41,2,7.8252452914317745,30,0,0,0,0,0,0,0,0,1,1,0,1,0,0,0,1,0,0,0,1,0
960,960,32,2,7.8351837552667485,27,0,0,0,0,0,0,0,0,0,1,0,0,0,0,0,1,0,0,1,0,0
961,961,35,2,8.579980179515003,15,1,0,0,0,0,0,0,0,0,0,0,0,1,0,0,0,0,0,1,0,0
962,962,24,2,8.788745881938135,48,1,0,0,0,0,0,0,0,1,1,0,1,0,0,1,1,0,0,0,0,0
963,963,25,2,7.99598047476376,12,0,0,0,1,0,0,0,0,0,0,1,0,0,0,1,1,0,0,0,0,0
964,964,25,2,7.095064377287131,9,0,0,0,0,0,1,0,0,0,1,0,0,0,0,0,1,0,0,0,0,0
965,965,37,1,7.658227526161352,9,0,0,0,0,0,1,0,0,1,1,0,0,0,0,0,1,0,0,0,1,0
966,966,32,3,6.444131256700441,18,0,0,0,0,0,1,0,0,1,1,0,0,1,0,0,0,0,0,1,0,0
967,967,35,2,7.088408778675395,6,0,0,1,0,0,0,0,0,0,0,0,0,0,0,1,0,0,0,1,0,0
968,968,46,3,7.814399633804487,21,1,0,0,0,0,0,0,0,1,1,0,0,0,0,0,0,0,0,0,1,0
969,969,25,1,7.037027614686276,9,0,0,0,0,0,1,0,0,1,1,0,0,0,0,0,0,0,0,0,0,0
970,970,27,3,9.54873932271967,60,1,0,0,0,0,0,0,0,1,1,0,0,0,0,1,1,0,0,1,0,0
971,971,63,2,8.935377071932177,30,1,0,0,0,0,0,0,0,1,1,0,0,0,0,0,0,0,0,0,0,1
972,972,40,2,8.031710375322042,30,0,0,0,0,0,1,0,0,1,1,0,0,0,0,0,0,0,0,0,1,0
973,973,32,3,7.316548177182976,18,0,0,0,0,0,1,0,0,1,0,0,0,0,0,0,0,0,0,1,0,0
974,974,31,2,8.054522609537294,24,0,0,0,0,0,1,0,0,1,1,0,0,0,0,0,0,0,1,1,0,0
975,975,31,2,8.723882104658486,20,1,0,0,0,0,0,0,0,1,1,0,1,0,0,0,1,0,0,1,0,0
976,976,34,3,7.198183577101943,9,0,0,0,0,0,1,0,0,1,1,0,0,0,0,1,0,0,1,1,0,0
977,977,24,2,6.07073772800249,6,0,0,1,0,0,0,0,0,0,0,1,0,0,1,1,1,0,0,0,0,0
978,978,24,1,7.113142108707088,12,1,0,0,0,0,0,0,0,0,1,0,0,0,0,1,0,0,0,0,0,0
979,979,66,1,6.672032945461067,9,0,0,0,0,0,1,0,0,0,1,0,0,1,0,0,1,0,0,0,0,1
980,980,21,2,7.851661177889265,27,1,0,0,0,0,0,0,0,0,0,1,0,0,0,1,0,0,0,0,0,0
981,981,41,1,5.521460917862246,6,1,0,0,0,0,0,0,0,0,1,0,0,0,1,0,0,0,0,0,1,0
982,982,47,1,7.182352111885263,15,0,0,0,0,0,1,0,0,1,1,0,0,1,0,0,0,0,0,0,1,0
983,983,25,2,7.540090320145325,18,0,0,0,0,0,1,0,0,0,0,1,0,0,0,1,0,0,0,0,0,0
984,984,59,2,8.766550149546351,48,0,0,0,0,0,0,0,0,0,0,1,0,0,0,1,1,0,0,0,1,0
985,985,36,2,7.150701457592526,24,0,0,0,0,0,0,0,0,1,1,0,0,0,1,0,0,0,1,0,1,0
986,986,33,2,8.764521909518802,24,0,0,0,0,0,1,0,0,1,1,0,0,0,0,0,1,0,0,1,0,0
987,987,21,1,7.594381242551817,24,0,0,0,0,0,1,0,0,1,0,1,0,0,0,1,0,0,0,0,0,0
988,988,44,1,6.633318433280377,8,0,0,0,0,0,1,0,0,0,1,0,0,0,0,0,1,0,0,0,1,0
989,989,28,2,7.864419904994565,24,1,0,0,0,0,0,0,0,0,0,1,0,0,1,0,0,0,0,1,0,0
990,990,37,2,8.125630988477065,4,1,0,0,0,0,0,0,0,0,1,0,0,0,0,0,0,0,0,0,1,0
991,991,29,0,8.29154650988391,36,0,1,0,0,0,0,0,0,0,1,0,0,0,0,0,1,0,0,1,0,0
992,992,23,3,9.355306142226368,24,1,0,0,0,0,0,0,0,0,0,1,0,0,0,1,1,0,0,0,0,0
993,993,35,1,8.384804003370492,18,1,0,0,0,0,0,0,0,1,1,0,1,0,0,0,0,0,0,1,0,0
994,994,45,3,8.818926087090677,6,1,0,0,0,0,0,0,0,1,1,0,0,0,0,0,0,0,0,0,1,0
995,995,26,1,8.361708288575842,30,0,0,0,0,0,0,0,0,0,0,1,1,0,0,1,1,0,0,1,0,0
996,996,32,2,7.751475318021456,24,1,0,0,0,0,0,0,0,1,1,0,1,0,0,0,0,0,0,1,0,0
997,997,23,1,6.954638864880987,10,0,0,0,0,0,1,0,0,1,1,0,0,0,0,0,1,0,0,0,0,0
998,998,41,2,8.058327306580958,21,0,0,0,0,0,1,0,0,1,1,0,0,0,0,0,0,0,0,0,1,0
999,999,22,2,7.817222785508166,24,0,0,0,1,0,0,0,0,1,1,0,0,1,0,0,0,0,0,0,0,0
1000,1000,30,3,9.559517275737559,39,0,0,0,1,0,0,0,0,1,1,0,0,0,0,0,0,0,0,1,0,0
1001,1001,28,1,7.493873886783559,13,0,0,0,0,0,0,0,0,1,1,0,0,0,0,0,0,0,0,1,0,0
1002,1002,23,2,7.828436359157585,15,1,0,0,0,0,0,0,0,0,0,1,0,0,0,0,0,0,0,0,0,0
1003,1003,37,1,7.149916836132109,12,1,0,0,0,0,0,0,0,0,1,0,0,0,0,1,0,0,0,0,1,0
1004,1004,26,2,8.565602330623925,21,1,0,0,0,0,0,0,0,1,1,0,0,0,0,0,0,0,0,1,0,0
1005,1005,33,2,8.015987811027237,15,1,0,0,0,0,0,0,0,1,1,0,0,0,0,0,0,0,0,1,0,0
1006,1006,49,2,6.059123195581797,6,0,0,0,1,0,0,0,0,0,1,0,0,0,0,0,0,0,0,0,1,0
1007,1007,23,1,6.883462586413092,18,1,0,0,0,0,0,0,0,0,1,0,0,0,0,1,0,0,0,0,0,0
1008,1008,23,1,6.734591659972948,12,0,0,0,0,0,0,0,0,0,0,1,1,0,0,0,1,0,0,0,0,0
1009,1009,25,2,8.660600654710967,30,0,0,0,0,0,1,0,0,0,1,0,0,0,0,0,0,0,0,0,0,0
1010,1010,55,2,7.349230824613334,12,0,0,0,0,0,0,1,0,1,0,0,0,0,1,1,0,0,0,0,1,0
1011,1011,32,2,7.158513997329321,24,1,0,0,0,0,0,0,0,0,0,1,0,0,0,1,0,0,0,1,0,0
1012,1012,74,0,7.1693500166706,6,1,0,0,0,0,0,0,0,1,1,0,0,0,0,0,0,0,1,0,0,1
1013,1013,39,2,7.147559271189454,15,0,0,0,0,0,1,0,0,1,0,0,0,0,0,1,0,0,1,0,1,0
1014,1014,31,2,7.239214973779806,24,1,0,0,0,0,0,0,0,1,1,0,0,0,0,0,0,0,0,1,0,0
1015,1015,35,2,6.53813982376767,12,1,0,0,0,0,0,0,0,1,1,0,0,0,0,1,0,0,0,1,0,0
1016,1016,59,2,8.52615293278771,15,1,0,0,0,0,0,0,0,0,1,0,0,0,0,0,0,0,0,0,1,0
1017,1017,24,2,7.66105638236183,18,0,0,0,1,0,0,0,0,0,0,1,0,0,0,1,0,0,0,0,0,0
1018,1018,24,1,7.7025561132685825,12,0,0,0,0,0,1,0,0,1,1,0,0,0,0,0,0,0,0,0,0,0
1019,1019,30,3,9.447781227991216,21,1,0,0,0,0,0,0,0,1,0,0,0,0,0,1,0,0,0,1,0,0
1020,1020,27,2,7.809135398120538,24,1,0,0,0,0,0,0,0,1,1,0,1,0,0,0,0,0,0,1,0,0
1021,1021,40,1,7.051855622955894,12,0,0,0,0,0,1,0,0,1,1,0,0,0,0,0,1,0,0,0,1,0
1022,1022,31,1,8.041734711487537,30,0,0,0,1,0,0,0,0,1,1,0,0,0,0,1,0,0,0,1,0,0
1023,1023,31,2,7.972810784121404,10,1,0,0,0,0,0,0,0,0,0,1,0,0,0,0,0,0,0,1,0,0
1024,1024,28,2,8.193400231952097,12,0,0,0,1,0,0,0,0,1,0,1,0,0,0,0,1,0,0,1,0,0
1025,1025,63,1,7.411556287811163,12,0,0,0,0,0,1,0,0,1,1,0,0,0,0,0,0,0,0,0,0,1
1026,1026,26,2,7.941651252930556,24,1,0,0,0,0,0,0,0,0,0,1,0,0,0,0,0,0,0,1,0,0
1027,1027,25,3,8.99528899055931,36,0,0,1,0,0,0,0,0,0,1,0,0,0,0,1,0,0,0,0,0,0
1028,1028,36,3,8.094073148069352,21,1,0,0,0,0,0,0,0,1,1,0,0,0,0,0,0,0,0,0,1,0
1029,1029,52,2,7.706612913964197,24,0,0,0,0,0,1,0,0,1,1,0,1,0,0,0,0,0,0,0,1,0
1030,1030,66,0,7.299797366758161,12,1,0,0,0,0,0,0,0,1,0,0,0,1,0,0,0,0,1,0,0,1
1031,1031,25,2,7.223295679562314,24,1,0,0,0,0,0,0,0,0,0,1,0,0,0,1,0,0,0,0,0,0
1032,1032,37,2,8.170468578330674,36,1,0,0,0,0,0,0,0,1,1,0,0,0,0,0,0,0,0,0,1,0
1033,1033,25,2,8.163086375583216,18,0,0,0,0,0,1,0,0,0,1,0,0,0,0,0,0,0,0,0,0,0
1034,1034,38,3,8.650149418664864,36,1,0,0,0,0,0,0,0,1,1,0,0,0,1,0,0,0,0,0,1,0
1035,1035,67,2,8.261526448396468,18,0,0,0,0,0,0,1,0,0,1,0,0,0,0,0,1,0,0,0,0,1
1036,1036,25,2,8.503702601233739,39,0,0,0,0,0,1,0,0,1,1,0,0,0,0,1,1,0,0,0,0,0
1037,1037,60,2,7.570443252057374,24,1,0,0,0,0,0,0,0,1,1,0,0,0,1,0,0,0,0,0,1,0
1038,1038,31,1,7.251344983372214,12,0,0,1,0,0,0,0,0,1,1,0,0,0,0,0,1,0,0,1,0,0
1039,1039,23,1,6.728628613084702,12,1,0,0,0,0,0,0,0,0,1,0,1,0,0,1,1,0,0,0,0,0
1040,1040,60,3,8.774622220696997,20,1,0,0,0,0,0,0,0,1,1,0,0,0,0,0,1,0,0,0,1,0
1041,1041,35,1,7.57095858316901,18,0,0,0,0,0,0,0,0,1,1,0,0,0,1,0,1,0,0,1,0,0
1042,1042,40,2,7.891704659330107,22,0,0,0,0,0,1,0,0,1,1,0,0,1,0,0,0,0,0,0,1,0
1043,1043,38,2,7.919719760924575,48,1,0,0,0,0,0,0,0,1,1,0,0,0,0,0,0,0,0,0,1,0
1044,1044,50,2,8.736168065858228,48,0,0,1,0,0,0,0,0,1,0,0,0,0,0,1,1,0,0,0,1,0
1045,1045,27,2,8.699181359308954,40,0,0,1,0,0,0,0,0,1,1,0,0,0,0,1,0,0,0,1,0,0
1046,1046,39,2,7.080026499922591,21,0,0,0,0,0,0,0,0,0,1,0,0,0,0,1,1,0,0,0,1,0
1047,1047,41,3,8.750366278367625,24,1,0,0,0,0,0,0,0,1,1,0,0,0,0,0,0,0,0,0,1,0
1048,1048,27,2,7.107425474110705,6,0,0,0,1,0,0,0,0,1,1,0,0,0,0,0,0,0,0,1,0,0
1049,1049,51,2,7.969703583278656,24,0,0,0,1,0,0,0,0,1,0,0,0,0,0,0,0,0,1,0,1,0
1050,1050,32,2,8.026823576217629,24,0,0,0,1,0,0,0,0,1,0,1,0,1,0,0,0,0,0,1,0,0
1051,1051,22,2,7.741099090035366,9,0,0,0,1,0,0,0,0,0,0,1,1,0,0,0,0,0,0,0,0,0
1052,1052,51,2,8.924123891686012,18,1,0,0,0,0,0,0,0,1,0,0,0,0,0,1,0,0,0,0,1,0
1053,1053,22,1,7.1372784372603855,12,0,0,0,1,0,0,0,0,0,0,1,0,0,0,0,0,0,0,0,0,0
1054,1054,54,2,6.57507584059962,24,1,0,0,0,0,0,0,0,1,1,0,0,0,0,0,0,0,0,0,1,0
1055,1055,35,0,7.3453648404168685,9,1,0,0,0,0,0,0,0,1,1,0,0,0,0,0,1,0,0,1,0,0
1056,1056,54,2,7.3758821482150125,24,0,0,1,0,0,0,0,0,1,0,0,0,0,0,0,0,0,0,0,1,0
1057,1057,48,1,7.492760300922379,18,0,0,0,0,0,1,0,0,0,0,1,0,0,0,0,1,0,0,0,1,0
1058,1058,24,2,8.35983738064003,20,0,0,0,1,0,0,0,0,0,1,0,0,0,0,0,0,0,0,0,0,0
1059,1059,35,2,6.883462586413092,12,0,0,0,0,0,1,0,0,1,1,0,0,0,0,0,0,0,0,1,0,0
1060,1060,24,0,8.918917979908679,12,1,0,0,0,0,0,0,0,0,0,1,0,0,0,0,1,0,0,0,0,0
1061,1061,24,2,9.134646527606982,36,1,0,0,0,0,0,0,0,1,1,0,0,0,0,1,0,0,0,0,0,0
1062,1062,26,1,6.380122536899765,6,0,0,0,0,0,1,0,0,1,1,0,0,0,0,0,1,0,0,1,0,0
1063,1063,65,2,6.835184586147301,12,0,0,0,0,0,1,0,0,1,1,0,0,0,0,0,0,0,0,0,0,1
1064,1064,55,3,9.135940049399933,42,1,0,0,0,0,0,0,0,1,0,0,0,0,0,0,1,0,0,0,1,0
1065,1065,26,0,7.48324441607385,15,1,0,0,0,0,0,0,0,0,0,1,0,0,0,1,1,0,0,1,0,0
1066,1066,26,2,6.810142450115136,8,0,0,0,0,0,0,0,0,1,1,0,0,0,0,0,1,0,0,1,0,0
1067,1067,28,1,6.182084906716632,6,0,0,0,0,0,1,0,0,1,1,0,0,0,0,0,1,0,0,1,0,0
1068,1068,24,2,9.172534657240284,36,1,0,0,0,0,0,0,0,1,1,0,0,0,0,1,0,0,0,0,0,0
1069,1069,54,2,8.02322468471667,48,0,1,0,0,0,0,0,0,1,1,0,0,0,0,1,0,0,0,0,1,0
1070,1070,46,2,8.27664912542186,48,1,0,0,0,0,0,0,0,1,0,0,0,0,0,1,0,0,0,0,1,0
1071,1071,54,2,8.913550280493675,36,1,0,0,0,0,0,0,0,0,0,1,0,0,0,0,1,0,0,0,1,0
1072,1072,62,2,7.198931240688173,6,0,1,0,0,0,0,0,0,1,1,0,0,1,0,0,0,0,0,0,0,1
1073,1073,24,2,7.348587530927593,6,0,0,0,0,0,1,0,0,0,0,1,0,0,0,0,0,0,0,0,0,0
1074,1074,43,3,9.671366322189568,36,0,0,0,0,0,0,0,1,1,1,0,0,0,0,0,0,0,0,0,1,0
1075,1075,26,2,7.20414929203594,18,0,0,0,0,0,1,0,0,1,1,0,0,0,0,1,0,0,0,1,0,0
1076,1076,27,2,7.00397413672268,12,1,0,0,0,0,0,0,0,1,1,0,0,0,0,0,0,0,0,1,0,0
1077,1077,24,2,8.011686729127847,12,0,0,0,0,0,1,0,0,1,1,0,0,0,0,0,0,0,1,0,0,0
1078,1078,41,2,7.905441649060286,36,0,0,0,1,0,0,0,0,1,1,0,0,0,0,1,0,0,0,0,1,0
1079,1079,47,1,6.594413459749778,8,1,0,0,0,0,0,0,0,1,1,0,0,0,0,0,0,0,0,0,1,0
1080,1080,35,3,8.237479288613633,18,0,0,0,1,0,0,0,0,1,1,0,0,0,0,0,0,0,0,1,0,0
1081,1081,30,2,7.379008127628304,21,1,0,0,0,0,0,0,0,1,1,0,0,0,0,0,0,0,0,1,0,0
1082,1082,33,2,8.285513309079741,18,1,0,0,0,0,0,0,0,0,0,1,0,0,0,1,0,0,0,1,0,0
1083,1083,36,2,8.334471554600944,18,0,0,0,0,0,0,0,0,1,1,0,0,0,0,1,0,0,0,0,1,0
1084,1084,47,2,9.028218795184895,36,1,0,0,0,0,0,0,0,1,0,0,0,0,0,1,0,0,0,0,1,0
1085,1085,38,2,8.807022955925477,48,0,0,0,0,0,0,0,0,1,0,0,0,0,0,0,1,0,0,0,1,0
1086,1086,44,2,7.772752716468742,24,0,0,0,0,0,0,0,0,1,1,0,0,1,0,0,0,0,0,0,1,0
1087,1087,23,2,7.103322062526113,18,1,0,0,0,0,0,0,0,0,0,1,0,0,0,1,0,0,0,0,0,0
1088,1088,29,2,9.377209824211215,45,0,0,0,0,0,0,0,0,1,0,1,0,0,0,1,0,0,0,1,0,0
1089,1089,42,2,8.533853632309345,24,0,0,0,0,0,1,0,0,0,1,0,0,0,0,0,1,0,0,0,1,0
1090,1090,25,1,7.752335163302292,15,0,0,0,0,0,1,0,0,0,1,0,0,0,0,1,0,0,1,0,0,0
1091,1091,48,2,6.9865664594064265,12,1,0,0,0,0,0,0,0,1,1,0,0,0,0,1,0,0,0,0,1,0
1092,1092,21,2,6.786716950605081,12,0,0,0,0,0,1,0,0,0,1,0,0,0,0,0,0,0,0,0,0,0
1093,1093,23,1,6.398594934535208,4,0,0,0,1,0,0,0,0,0,0,1,0,0,0,0,0,0,0,0,0,0
1094,1094,63,2,7.9919305198524775,24,1,0,0,0,0,0,0,0,1,1,0,0,0,0,0,0,0,0,0,0,1
1095,1095,46,2,7.8674885686991285,24,0,0,0,0,0,1,0,0,1,1,0,0,0,0,0,0,0,0,0,1,0
1096,1096,29,2,8.552367266423891,36,0,0,0,1,0,0,0,0,1,1,0,0,0,0,1,0,0,0,1,0,0
1097,1097,28,1,8.0040315078527,21,1,0,0,0,0,0,0,0,1,1,0,0,0,0,0,0,0,0,1,0,0
1098,1098,23,2,7.57198844937744,18,0,0,0,0,0,0,1,0,0,1,0,0,0,0,1,0,0,0,0,0,0
1099,1099,50,2,7.351799869057777,24,0,0,0,0,0,0,0,0,1,1,0,0,0,0,0,0,0,0,0,1,0
1100,1100,47,2,8.137980454452139,18,0,0,0,1,0,0,0,0,1,1,0,0,0,0,0,0,0,0,0,1,0
1101,1101,35,2,8.288031567776464,21,0,0,0,1,0,0,0,0,1,1,0,0,0,0,0,1,0,0,1,0,0
1102,1102,68,2,8.818926087090677,18,1,0,0,0,0,0,0,0,1,0,1,0,0,0,1,0,0,0,0,0,1
1103,1103,28,2,7.130098510125578,24,1,0,0,0,0,0,0,0,1,1,0,0,0,0,0,0,0,0,1,0,0
1104,1104,59,2,7.218176838403408,9,0,0,0,0,0,1,0,0,1,1,0,0,0,0,0,0,0,0,0,1,0
1105,1105,57,1,6.5638555265321274,12,0,0,0,0,0,1,0,0,1,1,0,0,0,0,1,0,0,0,0,1,0
1106,1106,33,2,7.711996507047669,20,1,0,0,0,0,0,0,0,1,0,1,0,0,0,1,0,0,0,1,0,0
1107,1107,43,2,8.304494897963567,24,1,0,0,0,0,0,0,0,1,1,0,0,0,0,0,0,0,0,0,1,0
1108,1108,35,2,7.293697720601438,15,0,0,0,0,0,1,0,0,1,0,0,0,0,0,0,0,0,0,1,0,0
1109,1109,32,1,7.273786317844895,18,1,0,0,0,0,0,0,0,1,0,0,0,0,0,1,0,0,0,1,0,0
1110,1110,45,2,9.294221855956884,36,1,0,0,0,0,0,0,0,1,1,0,0,0,0,0,0,0,0,0,1,0
1111,1111,33,2,7.295735072749282,24,1,0,0,0,0,0,0,0,1,1,0,1,0,0,0,0,0,0,1,0,0
1112,1112,40,2,6.795705775173514,10,0,0,1,0,0,0,0,0,0,1,0,0,0,0,0,0,0,0,0,1,0
1113,1113,28,2,8.114623886420098,15,0,0,0,1,0,0,0,0,1,0,0,0,0,0,0,0,0,0,1,0,0
1114,1114,29,2,8.28374674710613,15,1,0,0,0,0,0,0,0,0,1,0,0,0,0,1,0,0,0,1,0,0
1115,1115,26,2,8.182279739259018,9,1,0,0,0,0,0,0,0,1,0,1,1,0,0,0,0,0,0,1,0,0
1116,1116,27,2,8.666302614004078,24,1,0,0,0,0,0,0,0,1,1,0,0,0,1,0,0,0,0,1,0,0
1117,1117,28,2,7.682021510826875,18,0,0,0,0,0,0,0,0,1,1,0,0,0,0,1,0,0,0,1,0,0
1118,1118,35,2,7.79934339821592,24,0,0,0,0,0,1,0,0,0,1,0,0,0,0,1,0,0,0,1,0,0
1119,1119,32,1,8.417593826193484,27,0,0,0,1,0,0,0,0,1,1,0,0,0,1,0,0,0,0,1,0,0
1120,1120,25,1,7.700747794511798,10,0,0,0,1,0,0,0,0,1,0,1,0,0,0,1,0,0,0,0,0,0
1121,1121,20,2,7.7057128238944275,15,0,0,0,1,0,0,0,0,0,0,1,0,1,0,0,0,0,0,0,0,0
1122,1122,27,2,7.77863014732581,18,0,0,0,0,0,1,0,0,0,1,0,0,0,0,0,0,0,0,1,0,0
1123,1123,42,2,8.11102783819368,12,0,0,0,1,0,0,0,0,1,1,0,0,0,0,0,0,0,0,0,1,0
1124,1124,37,2,8.910450756416656,36,0,0,0,0,0,0,0,0,1,1,0,0,0,0,0,0,0,0,0,1,0
1125,1125,24,2,6.480044561926653,12,0,0,0,1,0,0,0,0,0,0,1,0,0,0,0,0,0,0,0,0,0
1126,1126,40,2,8.946114375560743,36,0,0,0,1,0,0,0,0,0,1,0,0,1,0,0,0,0,0,0,1,0
1127,1127,46,2,7.202661196523238,6,1,0,0,0,0,0,0,0,1,1,0,0,0,0,0,0,0,1,0,1,0
1128,1128,26,2,7.231287004327616,24,0,0,0,0,0,0,0,0,1,1,0,1,0,0,0,0,0,0,1,0,0
1129,1129,24,2,6.773080375655535,15,0,1,0,0,0,0,0,0,0,1,0,0,0,0,0,0,0,0,0,0,0
1130,1130,29,1,8.185907481482324,12,0,0,0,1,0,0,0,0,1,1,0,0,0,0,0,0,0,0,1,0,0
1131,1131,40,2,7.186901020411631,11,1,0,0,0,0,0,0,0,0,1,0,0,0,1,0,1,0,0,0,1,0
1132,1132,36,3,7.570443252057374,18,0,0,0,0,0,1,0,0,1,0,0,0,0,0,0,0,0,0,0,1,0
1133,1133,28,2,8.187299270155147,36,0,0,0,0,0,1,0,0,1,1,0,0,0,0,0,0,0,0,1,0,0
1134,1134,27,3,7.259819610363186,9,1,0,0,0,0,0,0,0,1,0,0,0,0,0,1,0,0,0,1,0,0
1135,1135,36,2,8.816111895794005,30,0,0,0,0,0,1,0,0,1,1,0,0,0,0,0,0,0,0,0,1,0
1136,1136,38,3,8.963672275615016,24,1,0,0,0,0,0,0,0,1,1,0,0,0,0,0,0,0,0,0,1,0
1137,1137,48,2,9.135293497653272,24,1,0,0,0,0,0,0,0,1,0,0,0,0,0,0,0,0,0,0,1,0
1138,1138,36,2,7.687538766201629,30,1,0,0,0,0,0,0,0,1,1,0,0,0,0,0,1,0,0,0,1,0
1139,1139,65,0,7.001245622069476,18,0,0,0,0,0,1,0,0,0,1,0,0,0,0,0,0,0,0,0,0,1
1140,1140,43,2,8.308199063206446,24,0,0,0,1,0,0,0,0,1,1,0,0,0,0,1,1,0,0,0,1,0
1141,1141,53,2,6.678342114654332,12,0,0,1,0,0,0,0,0,0,1,0,0,0,0,1,0,0,0,0,1,0
1142,1142,34,2,7.946263643580541,24,0,0,0,0,0,0,0,0,1,1,0,0,0,0,0,1,0,0,1,0,0
1143,1143,23,2,9.659630959624376,48,0,0,0,0,0,0,0,0,1,1,0,0,0,0,1,1,0,0,0,0,0
1144,1144,34,3,8.796943893541737,36,1,0,0,0,0,0,0,0,1,1,0,0,0,0,0,0,0,0,1,0,0
1145,1145,40,2,8.964951211714654,28,1,0,0,0,0,0,0,0,1,0,1,0,0,0,0,0,0,0,0,1,0
1146,1146,43,3,7.80057265467065,27,0,0,0,0,0,0,0,0,1,1,0,0,0,0,0,0,0,0,0,1,0
1147,1147,46,2,7.511524648390866,15,0,0,0,0,0,1,0,0,1,1,0,0,0,0,0,0,0,0,0,1,0
1148,1148,38,1,7.682943169878292,12,1,0,0,0,0,0,0,0,1,1,0,0,0,0,0,0,0,0,0,1,0
1149,1149,34,2,8.66561319653451,36,1,0,0,0,0,0,0,0,1,1,0,0,0,0,0,1,0,0,1,0,0
1150,1150,29,2,7.063903961472068,18,0,0,0,0,0,1,0,0,1,1,0,0,0,0,0,0,0,0,1,0,0
1151,1151,31,3,9.099073559547596,36,1,0,0,0,0,0,0,0,1,1,0,0,0,0,0,0,0,0,1,0,0
1152,1152,28,3,7.8655717576847906,21,0,0,0,0,0,1,0,0,0,0,1,0,0,0,0,0,0,0,1,0,0
1153,1153,35,2,7.3727463664043285,12,0,0,0,1,0,0,0,0,0,1,0,0,0,1,0,0,0,0,1,0,0
1154,1154,33,1,7.689828668736484,15,0,0,0,1,0,0,0,0,0,0,1,0,0,0,0,0,0,0,1,0,0
1155,1155,42,2,8.331586243630754,18,0,0,0,1,0,0,0,0,1,1,0,0,0,0,1,0,0,0,0,1,0
1156,1156,43,2,7.872836175025724,16,1,0,0,0,0,0,0,0,1,0,1,0,0,0,1,0,0,0,0,1,0
1157,1157,44,2,8.156223323194624,20,1,0,0,0,0,0,0,0,1,1,0,0,0,0,0,0,0,0,0,1,0
1158,1158,42,2,9.256937657352966,36,1,0,0,0,0,0,0,0,1,0,0,0,0,0,0,0,0,0,0,1,0
1159,1159,40,2,7.234177179749849,15,0,0,0,0,0,1,0,0,1,0,1,0,0,0,0,0,0,0,0,1,0
1160,1160,36,3,7.15305163493748,24,0,0,0,0,0,1,0,0,1,1,0,0,0,0,0,0,0,0,0,1,0
1161,1161,20,3,7.009408932708637,12,0,0,0,0,0,1,0,0,1,0,1,0,0,0,0,0,0,0,0,0,0
1162,1162,24,1,8.232971790593437,21,1,0,0,0,0,0,0,0,1,1,0,0,0,0,0,0,0,0,0,0,0
1163,1163,27,2,8.219056661060598,36,0,0,1,0,0,0,0,0,1,1,0,0,0,0,0,1,0,0,1,0,0
1164,1164,46,1,8.187021067343505,15,1,0,0,0,0,0,0,0,0,1,0,0,0,0,0,0,0,0,0,1,0
1165,1165,33,1,8.069342366811636,9,1,0,0,0,0,0,0,0,0,1,0,0,0,0,0,1,0,0,1,0,0
1166,1166,34,2,8.401557847817314,36,0,0,0,0,0,1,0,0,0,1,0,0,0,0,0,0,0,0,1,0,0
1167,1167,25,1,8.462948176563842,24,0,0,0,1,0,0,0,0,0,1,0,0,0,0,1,1,0,0,0,0,0
1168,1168,25,2,8.003363058629947,30,0,0,0,0,0,1,0,0,0,1,0,0,0,0,0,1,0,0,0,0,0
1169,1169,28,2,7.669495251007694,11,0,0,0,0,0,0,0,0,1,1,0,0,0,1,0,0,0,0,1,0,0
1170,1170,31,2,8.058643712215618,24,0,0,0,0,0,0,0,0,1,0,1,0,0,0,1,0,0,0,1,0,0
1171,1171,32,3,9.82140944150052,48,0,0,0,0,0,0,0,1,0,1,0,0,0,0,1,1,0,0,1,0,0
1172,1172,32,2,7.954372272531867,10,1,0,0,0,0,0,0,0,1,1,0,1,0,0,0,0,0,0,1,0,0
1173,1173,68,3,9.608847999516849,6,1,0,0,0,0,0,0,0,1,1,0,0,0,0,1,0,0,0,0,0,1
1174,1174,33,2,7.765993079407675,24,0,0,0,1,0,0,0,0,1,1,0,1,0,0,1,0,0,0,1,0,0
1175,1175,39,3,8.11522197256233,24,0,0,0,1,0,0,0,0,1,0,1,0,0,0,1,0,0,0,0,1,0
1176,1176,28,2,7.504942068396171,18,0,0,0,1,0,0,0,0,0,1,0,0,0,0,0,0,0,0,1,0,0
1177,1177,37,3,9.453208116138121,48,0,0,0,0,0,1,0,0,1,1,0,0,1,0,0,0,0,0,0,1,0
1178,1178,22,2,7.2196420401307355,9,0,0,0,0,0,1,0,0,0,0,1,0,0,0,1,0,0,0,0,0,0
1179,1179,30,2,7.601901959875166,12,1,0,0,0,0,0,0,0,1,0,1,0,0,0,0,1,0,0,1,0,0
1180,1180,55,2,8.835210463664092,24,0,0,0,1,0,0,0,0,1,1,0,0,0,0,1,0,0,0,0,1,0
1181,1181,46,2,6.546785410760524,12,1,0,0,0,0,0,0,0,1,1,0,0,0,0,1,0,0,0,0,1,0
1182,1182,21,2,6.955592608396297,18,0,0,0,1,0,0,0,0,0,0,1,0,0,0,0,0,0,0,0,0,0
1183,1183,39,2,9.239607869656751,48,1,0,0,0,0,0,0,0,1,0,0,0,0,0,1,0,0,0,0,1,0
1184,1184,58,2,7.532088143541722,30,0,0,0,0,0,1,0,0,1,1,0,0,0,0,0,0,0,0,0,1,0
1185,1185,43,1,7.203405521083095,12,1,0,0,0,0,0,0,0,1,1,0,0,0,0,0,0,0,0,0,1,0
1186,1186,24,1,7.465655310134056,24,0,0,0,1,0,0,0,0,1,1,0,0,0,0,0,0,0,0,0,0,0
1187,1187,22,2,7.4205789054108005,9,0,0,0,0,0,1,0,0,0,1,0,0,0,0,1,1,0,0,0,0,0
1188,1188,30,2,7.1098794630722715,9,1,0,0,0,0,0,0,0,1,1,0,0,0,0,0,0,0,0,1,0,0
1189,1189,42,2,6.257667587882639,12,0,0,0,0,0,1,0,0,1,1,0,0,1,0,0,0,0,0,0,1,0
1190,1190,23,2,7.311886164077165,12,0,0,0,0,0,1,0,0,0,1,0,0,0,0,0,0,0,0,0,0,0
1191,1191,30,3,7.5595594960077,30,0,0,0,0,0,1,0,0,1,1,0,1,0,0,1,1,0,0,1,0,0
1192,1192,28,1,6.61338421837956,9,0,0,0,0,0,1,0,0,0,1,0,0,0,0,1,0,0,1,1,0,0
1193,1193,30,3,7.631916513071252,6,0,0,0,0,0,1,0,0,1,0,1,0,0,0,0,1,0,0,1,0,0
1194,1194,42,2,8.746398334109042,60,0,0,1,0,0,0,0,0,1,0,0,0,0,0,1,1,0,0,0,1,0
1195,1195,46,3,8.830835365537549,24,1,0,0,0,0,0,0,0,1,1,0,0,0,0,0,0,0,0,0,1,0
1196,1196,45,3,8.168202930236053,12,1,0,0,0,0,0,0,0,1,1,0,0,0,0,0,0,0,0,0,1,0
1197,1197,31,1,7.343426229147367,10,1,0,0,0,0,0,0,0,1,1,0,0,0,0,0,0,0,0,1,0,0
1198,1198,31,2,6.834108738813838,24,0,0,0,1,0,0,0,0,1,1,0,0,0,0,0,0,0,0,1,0,0
1199,1199,42,1,7.282761179605593,4,1,0,0,0,0,0,0,0,1,1,0,0,0,0,0,0,0,0,0,1,0
1200,1200,46,2,7.520234556474628,15,0,0,0,1,0,0,0,0,0,0,1,0,0,0,0,0,0,0,0,1,0
1201,1201,30,2,9.03097444300786,48,1,0,0,0,0,0,0,0,0,1,0,0,1,0,0,1,0,0,1,0,0
1202,1202,30,2,8.116417072794205,24,0,0,0,1,0,0,0,0,1,0,0,0,1,0,1,0,0,0,1,0,0
1203,1203,38,3,7.958227192322312,12,1,0,0,0,0,0,0,0,1,1,0,0,0,0,0,0,0,0,0,1,0
1204,1204,43,1,7.334981878871814,18,0,0,0,1,0,0,0,0,1,1,0,0,0,0,1,0,0,0,0,1,0
1205,1205,31,2,8.19450550976564,24,0,0,0,0,0,1,0,0,1,1,0,1,0,0,1,0,0,0,1,0,0
1206,1206,40,0,8.185907481482324,18,0,0,0,0,0,0,0,0,1,1,0,0,0,0,0,1,0,0,0,1,0
1207,1207,24,2,7.6708948313621175,36,0,0,0,0,0,0,0,0,1,1,0,0,0,0,1,0,0,0,0,0,0
1208,1208,28,2,8.321907968230423,24,1,0,0,0,0,0,0,0,0,0,1,0,1,0,1,1,0,0,1,0,0
1209,1209,26,3,9.30328411761892,36,0,0,0,1,0,0,0,0,0,1,0,0,0,0,1,0,0,0,1,0,0
1210,1210,29,2,7.545918151209323,12,1,0,0,0,0,0,0,0,0,1,0,0,0,0,0,0,0,0,1,0,0
1211,1211,57,3,7.115582126184454,24,0,0,0,0,0,1,0,0,0,0,1,0,0,1,0,0,0,0,0,1,0
1212,1212,49,1,8.204124932574041,30,0,0,0,0,0,1,0,0,1,1,0,0,0,0,0,0,0,1,0,1,0
1213,1213,37,1,7.050989447068045,9,0,0,0,0,0,1,0,0,1,1,0,0,0,0,0,1,0,0,0,1,0
1214,1214,45,1,8.295548516225763,28,1,0,0,0,0,0,0,0,1,1,0,0,0,0,1,0,0,0,0,1,0
1215,1215,30,2,8.029107054619736,24,0,0,0,1,0,0,0,0,1,0,0,1,0,0,0,1,0,0,1,0,0
1216,1216,30,2,7.461640392208575,6,0,0,0,0,0,1,0,0,1,0,1,0,0,0,0,0,0,0,1,0,0
1217,1217,47,2,7.763446388727362,21,1,0,0,0,0,0,0,0,1,1,0,0,0,0,0,1,0,0,0,1,0
1218,1218,29,2,8.176391596633795,15,1,0,0,0,0,0,0,0,1,1,0,0,0,0,0,0,0,0,1,0,0
1219,1219,35,2,7.781973234434385,24,0,0,0,0,0,1,0,0,1,1,0,0,1,0,1,0,0,0,1,0,0
1220,1220,22,1,6.118097198041348,6,0,0,0,0,0,0,1,0,1,1,0,0,0,0,0,1,0,0,0,0,0
1221,1221,26,2,7.44716835960004,30,0,0,0,0,0,1,0,0,0,1,0,0,0,0,0,1,0,0,1,0,0
1222,1222,23,1,7.832014180505469,27,0,0,0,0,0,1,0,0,1,1,0,0,1,0,1,1,0,0,0,0,0
1223,1223,54,3,8.1797604936999,15,0,0,0,0,0,1,0,0,0,0,1,0,0,0,0,0,0,0,0,1,0
1224,1224,29,2,8.8771028978649,42,0,0,0,0,0,1,0,0,1,0,1,0,0,0,0,0,0,0,1,0,0
1225,1225,40,1,8.278682162970906,11,1,0,0,0,0,0,0,0,1,1,0,0,0,0,0,0,0,0,0,1,0
1226,1226,22,2,7.322510433997394,15,0,0,0,0,0,0,1,0,1,1,0,1,0,0,0,1,0,0,0,0,0
1227,1227,43,1,8.9082888855571,24,1,0,0,0,0,0,0,0,1,1,0,0,0,0,0,0,0,0,0,1,0
1228,1228,29,0,7.084226422097916,24,1,0,0,0,0,0,0,0,0,0,1,0,0,0,1,0,0,0,1,0,0
1229,1229,36,2,8.89521858376562,60,0,0,0,0,0,0,0,0,1,0,1,0,0,0,1,0,0,0,0,1,0
1230,1230,33,2,7.9483852851118995,30,0,0,0,0,0,1,0,0,0,1,0,0,0,0,0,0,0,0,1,0,0
1231,1231,57,1,7.1372784372603855,24,0,0,0,0,0,1,0,0,0,1,0,0,1,0,0,0,0,1,0,1,0
1232,1232,64,2,6.6240652277998935,6,0,0,0,0,0,1,0,0,0,1,0,0,0,0,0,1,0,0,0,0,1
1233,1233,42,2,7.794411205726601,18,0,0,0,0,0,0,0,0,1,1,0,0,0,0,0,1,0,0,0,1,0
1234,1234,47,1,7.839131648274333,24,1,0,0,0,0,0,0,0,1,1,0,0,0,0,1,0,0,0,0,1,0
1235,1235,25,2,7.142036574706803,15,1,0,0,0,0,0,0,0,1,0,1,1,0,0,1,1,0,0,0,0,0
1236,1236,49,2,9.034318927730707,30,0,0,0,1,0,0,0,0,1,1,0,0,0,0,1,1,0,0,0,1,0
1237,1237,33,3,8.485496104672983,48,0,0,0,0,0,0,0,0,1,0,1,0,0,0,1,0,0,0,1,0,0
1238,1238,28,3,7.980365765111246,21,1,0,0,0,0,0,0,0,0,1,0,1,0,0,0,0,0,1,1,0,0
1239,1239,26,2,9.015419779605713,36,1,0,0,0,0,0,0,0,1,1,0,0,0,0,1,0,0,0,1,0,0
1240,1240,30,1,7.614805364711073,24,0,0,0,1,0,0,0,0,1,1,0,0,0,0,0,0,0,0,1,0,0
1241,1241,25,2,7.267525427828172,15,0,0,0,1,0,0,0,0,0,0,1,0,0,0,0,0,0,0,0,0,0
1242,1242,33,2,8.746557354543503,42,0,0,0,0,0,0,0,0,1,1,0,0,0,0,0,0,0,1,1,0,0
1243,1243,64,2,7.25063551189868,13,0,0,0,0,0,1,0,0,0,1,0,1,0,0,0,0,0,0,0,0,1
1244,1244,29,3,8.791638037085997,24,1,0,0,0,0,0,0,0,1,0,0,0,0,0,0,0,0,0,1,0,0
1245,1245,48,1,7.463363045520021,24,0,0,0,0,0,1,0,0,1,1,0,0,0,0,0,1,0,0,0,1,0
1246,1246,37,1,8.178919332848396,12,0,0,1,0,0,0,0,0,1,1,0,0,0,0,0,0,0,0,0,1,0
1247,1247,34,1,7.358193752733032,15,0,0,0,0,0,1,0,0,1,1,0,1,0,0,0,0,0,0,1,0,0
1248,1248,23,1,7.568379267836522,18,0,0,0,0,0,1,0,0,1,0,1,0,0,0,0,0,0,0,0,0,0
1249,1249,30,3,8.28374674710613,36,0,0,0,1,0,0,0,0,1,1,0,0,0,0,0,0,0,0,1,0,0
1250,1250,50,2,7.779048644925556,12,1,0,0,0,0,0,0,0,1,1,0,0,0,0,0,0,0,0,0,1,0
1251,1251,31,1,7.459338895220296,12,0,0,0,1,0,0,0,0,0,1,0,0,0,0,0,0,0,0,1,0,0
1252,1252,40,3,8.257644958208228,30,1,0,0,0,0,0,0,0,1,1,0,0,0,0,0,0,0,0,0,1,0
1253,1253,38,2,6.6895992691789665,12,0,0,0,0,0,1,0,0,1,1,0,0,0,0,0,0,0,0,0,1,0
1254,1254,23,2,7.520234556474628,45,0,0,0,0,0,1,0,0,1,0,0,0,0,0,1,0,0,0,0,0,0
1255,1255,27,2,8.428580533059634,45,1,0,0,0,0,0,0,0,1,1,0,1,0,0,0,1,0,0,1,0,0
